id,item_group_id,lang,stage,prompt_type,knowledge_mode,difficulty,inquiry,reference,context,multimodal_asset_paths
PR-EN-001-ze-base,PR-EN-001-ze,en,problem_finding,zero_shot,none,,Can you find examples of things that move in a circular path around you?,"[""What are some examples of things in your surroundings that move in a circular path and experience a force directed towards the center?"", ""Can you identify items in your daily life that exhibit circular motion and require a continuous inward force to maintain their path?"", ""How can you find instances around you where something is moving in a circle and is constantly being pulled towards the center of that circle?""]",Classroom with a ceiling fan,[]
PR-EN-001-ze-kg,PR-EN-001-ze,en,problem_finding,zero_shot,kg,,Can you find something in your environment that moves in a circular path and identify what keeps it moving in that path?,"[""What are some examples of things in your surroundings that move in a circular path and experience a force directed towards the center?"", ""Can you identify items in your daily life that exhibit circular motion and require a continuous inward force to maintain their path?"", ""How can you find instances around you where something is moving in a circle and is constantly being pulled towards the center of that circle?""]",Classroom with a ceiling fan,[]
PR-EN-002-fe-base,PR-EN-002-fe,en,problem_finding,few_shot,none,,What can you find in your environment that demonstrates circular motion?,"[""What are some examples of things in your surroundings that move in a circular path and experience a force directed towards the center?"", ""Can you identify items in your daily life that exhibit circular motion and require a continuous inward force to maintain their path?"", ""How can you find instances around you where something is moving in a circle and is constantly being pulled towards the center of that circle?""]",Classroom with a ceiling fan,[]
PR-EN-002-fe-kg,PR-EN-002-fe,en,problem_finding,few_shot,kg,,What items in your environment can you identify that move in a circular path?,"[""What are some examples of things in your surroundings that move in a circular path and experience a force directed towards the center?"", ""Can you identify items in your daily life that exhibit circular motion and require a continuous inward force to maintain their path?"", ""How can you find instances around you where something is moving in a circle and is constantly being pulled towards the center of that circle?""]",Classroom with a ceiling fan,[]
PR-EN-003-co-base,PR-EN-003-co,en,problem_finding,cot,none,,What items in your environment move in a circular path and experience a force directed towards the center of the circle?,"[""What are some examples of things in your surroundings that move in a circular path and experience a force directed towards the center?"", ""Can you identify items in your daily life that exhibit circular motion and require a continuous inward force to maintain their path?"", ""How can you find instances around you where something is moving in a circle and is constantly being pulled towards the center of that circle?""]",Classroom with a ceiling fan,[]
PR-EN-003-co-kg,PR-EN-003-co,en,problem_finding,cot,kg,,What items in your environment can you find that move in a circular path and require an inward force to maintain that motion?,"[""What are some examples of things in your surroundings that move in a circular path and experience a force directed towards the center?"", ""Can you identify items in your daily life that exhibit circular motion and require a continuous inward force to maintain their path?"", ""How can you find instances around you where something is moving in a circle and is constantly being pulled towards the center of that circle?""]",Classroom with a ceiling fan,[]
PR-EN-004-dr-base,PR-EN-004-dr,en,problem_finding,draft_critique_revise,none,,What items in your environment can you identify that move in a circular path?,"[""What are some examples of things in your surroundings that move in a circular path and experience a force directed towards the center?"", ""Can you identify items in your daily life that exhibit circular motion and require a continuous inward force to maintain their path?"", ""How can you find instances around you where something is moving in a circle and is constantly being pulled towards the center of that circle?""]",Classroom with a ceiling fan,[]
PR-EN-004-dr-kg,PR-EN-004-dr,en,problem_finding,draft_critique_revise,kg,,What items in your environment can you find that move in a circular path?,"[""What are some examples of things in your surroundings that move in a circular path and experience a force directed towards the center?"", ""Can you identify items in your daily life that exhibit circular motion and require a continuous inward force to maintain their path?"", ""How can you find instances around you where something is moving in a circle and is constantly being pulled towards the center of that circle?""]",Classroom with a ceiling fan,[]
PR-EN-005-ze-base,PR-EN-005-ze,en,problem_finding,zero_shot,none,,Can you find examples of things that move in a circular path around you?,"[""What are some examples of things in your surroundings that move in a circular path and experience a force directed towards the center?"", ""Can you identify items in your daily life that exhibit circular motion and require a continuous inward force to maintain their path?"", ""How can you find instances around you where something is moving in a circle and is constantly being pulled towards the center of that circle?""]",Bicycle wheel spinning,[]
PR-EN-005-ze-kg,PR-EN-005-ze,en,problem_finding,zero_shot,kg,,Can you find something around you that moves in a circular path and identify where the motion is fastest?,"[""What are some examples of things in your surroundings that move in a circular path and experience a force directed towards the center?"", ""Can you identify items in your daily life that exhibit circular motion and require a continuous inward force to maintain their path?"", ""How can you find instances around you where something is moving in a circle and is constantly being pulled towards the center of that circle?""]",Bicycle wheel spinning,[]
PR-EN-006-fe-base,PR-EN-006-fe,en,problem_finding,few_shot,none,,What can you find in your surroundings that demonstrates circular motion?,"[""What are some examples of things in your surroundings that move in a circular path and experience a force directed towards the center?"", ""Can you identify items in your daily life that exhibit circular motion and require a continuous inward force to maintain their path?"", ""How can you find instances around you where something is moving in a circle and is constantly being pulled towards the center of that circle?""]",Bicycle wheel spinning,[]
PR-EN-006-fe-kg,PR-EN-006-fe,en,problem_finding,few_shot,kg,,What items in your surroundings can you find that demonstrate circular motion?,"[""What are some examples of things in your surroundings that move in a circular path and experience a force directed towards the center?"", ""Can you identify items in your daily life that exhibit circular motion and require a continuous inward force to maintain their path?"", ""How can you find instances around you where something is moving in a circle and is constantly being pulled towards the center of that circle?""]",Bicycle wheel spinning,[]
PR-EN-007-co-base,PR-EN-007-co,en,problem_finding,cot,none,,What items around you can demonstrate the concept of centripetal acceleration?,"[""What are some examples of things in your surroundings that move in a circular path and experience a force directed towards the center?"", ""Can you identify items in your daily life that exhibit circular motion and require a continuous inward force to maintain their path?"", ""How can you find instances around you where something is moving in a circle and is constantly being pulled towards the center of that circle?""]",Bicycle wheel spinning,[]
PR-EN-007-co-kg,PR-EN-007-co,en,problem_finding,cot,kg,,What items around you can you find that move in a circular path and demonstrate centripetal acceleration?,"[""What are some examples of things in your surroundings that move in a circular path and experience a force directed towards the center?"", ""Can you identify items in your daily life that exhibit circular motion and require a continuous inward force to maintain their path?"", ""How can you find instances around you where something is moving in a circle and is constantly being pulled towards the center of that circle?""]",Bicycle wheel spinning,[]
PR-EN-008-dr-base,PR-EN-008-dr,en,problem_finding,draft_critique_revise,none,,What items around you can you find that move in a circular path?,"[""What are some examples of things in your surroundings that move in a circular path and experience a force directed towards the center?"", ""Can you identify items in your daily life that exhibit circular motion and require a continuous inward force to maintain their path?"", ""How can you find instances around you where something is moving in a circle and is constantly being pulled towards the center of that circle?""]",Bicycle wheel spinning,[]
PR-EN-008-dr-kg,PR-EN-008-dr,en,problem_finding,draft_critique_revise,kg,,What items can you find in your environment that move in a circular path?,"[""What are some examples of things in your surroundings that move in a circular path and experience a force directed towards the center?"", ""Can you identify items in your daily life that exhibit circular motion and require a continuous inward force to maintain their path?"", ""How can you find instances around you where something is moving in a circle and is constantly being pulled towards the center of that circle?""]",Bicycle wheel spinning,[]
PR-EN-009-ze-base,PR-EN-009-ze,en,problem_finding,zero_shot,none,,Can you find something in your environment that moves in a circular path and identify what keeps it moving in that path?,"[""What are some examples of things in your surroundings that move in a circular path and experience a force directed towards the center?"", ""Can you identify items in your daily life that exhibit circular motion and require a continuous inward force to maintain their path?"", ""How can you find instances around you where something is moving in a circle and is constantly being pulled towards the center of that circle?""]",Washing machine drum in motion,[]
PR-EN-009-ze-kg,PR-EN-009-ze,en,problem_finding,zero_shot,kg,,Can you find something in your environment that moves in a circular path and identify what keeps it moving in that path?,"[""What are some examples of things in your surroundings that move in a circular path and experience a force directed towards the center?"", ""Can you identify items in your daily life that exhibit circular motion and require a continuous inward force to maintain their path?"", ""How can you find instances around you where something is moving in a circle and is constantly being pulled towards the center of that circle?""]",Washing machine drum in motion,[]
PR-EN-010-fe-base,PR-EN-010-fe,en,problem_finding,few_shot,none,,What can you find in your surroundings that spins or rotates rapidly?,"[""What are some examples of things in your surroundings that move in a circular path and experience a force directed towards the center?"", ""Can you identify items in your daily life that exhibit circular motion and require a continuous inward force to maintain their path?"", ""How can you find instances around you where something is moving in a circle and is constantly being pulled towards the center of that circle?""]",Washing machine drum in motion,[]
PR-EN-010-fe-kg,PR-EN-010-fe,en,problem_finding,few_shot,kg,,What can you find in your environment that demonstrates circular motion?,"[""What are some examples of things in your surroundings that move in a circular path and experience a force directed towards the center?"", ""Can you identify items in your daily life that exhibit circular motion and require a continuous inward force to maintain their path?"", ""How can you find instances around you where something is moving in a circle and is constantly being pulled towards the center of that circle?""]",Washing machine drum in motion,[]
PR-EN-011-co-base,PR-EN-011-co,en,problem_finding,cot,none,,What items around you demonstrate circular motion that could involve centripetal acceleration?,"[""What are some examples of things in your surroundings that move in a circular path and experience a force directed towards the center?"", ""Can you identify items in your daily life that exhibit circular motion and require a continuous inward force to maintain their path?"", ""How can you find instances around you where something is moving in a circle and is constantly being pulled towards the center of that circle?""]",Washing machine drum in motion,[]
PR-EN-011-co-kg,PR-EN-011-co,en,problem_finding,cot,kg,,What items in your environment can you find that move in a circular path?,"[""What are some examples of things in your surroundings that move in a circular path and experience a force directed towards the center?"", ""Can you identify items in your daily life that exhibit circular motion and require a continuous inward force to maintain their path?"", ""How can you find instances around you where something is moving in a circle and is constantly being pulled towards the center of that circle?""]",Washing machine drum in motion,[]
PR-EN-012-dr-base,PR-EN-012-dr,en,problem_finding,draft_critique_revise,none,,What items around you move in a circular path and experience a force towards the center?,"[""What are some examples of things in your surroundings that move in a circular path and experience a force directed towards the center?"", ""Can you identify items in your daily life that exhibit circular motion and require a continuous inward force to maintain their path?"", ""How can you find instances around you where something is moving in a circle and is constantly being pulled towards the center of that circle?""]",Washing machine drum in motion,[]
PR-EN-012-dr-kg,PR-EN-012-dr,en,problem_finding,draft_critique_revise,kg,,What items around you move in a circular path and require an inward force to maintain their motion?,"[""What are some examples of things in your surroundings that move in a circular path and experience a force directed towards the center?"", ""Can you identify items in your daily life that exhibit circular motion and require a continuous inward force to maintain their path?"", ""How can you find instances around you where something is moving in a circle and is constantly being pulled towards the center of that circle?""]",Washing machine drum in motion,[]
PR-EN-013-ze-base,PR-EN-013-ze,en,problem_finding,zero_shot,none,,Can you find something in your environment that moves in a circular path and identify what keeps it moving in that path?,"[""What are some examples of things in your surroundings that move in a circular path and experience a force directed towards the center?"", ""Can you identify items in your daily life that exhibit circular motion and require a continuous inward force to maintain their path?"", ""How can you find instances around you where something is moving in a circle and is constantly being pulled towards the center of that circle?""]",Playground carousel rotating,[]
PR-EN-013-ze-kg,PR-EN-013-ze,en,problem_finding,zero_shot,kg,,Can you find something in your surroundings that moves in a circular path and identify what keeps it moving in that path?,"[""What are some examples of things in your surroundings that move in a circular path and experience a force directed towards the center?"", ""Can you identify items in your daily life that exhibit circular motion and require a continuous inward force to maintain their path?"", ""How can you find instances around you where something is moving in a circle and is constantly being pulled towards the center of that circle?""]",Playground carousel rotating,[]
PR-EN-014-fe-base,PR-EN-014-fe,en,problem_finding,few_shot,none,,What can you find in your surroundings that moves in a circular path?,"[""What are some examples of things in your surroundings that move in a circular path and experience a force directed towards the center?"", ""Can you identify items in your daily life that exhibit circular motion and require a continuous inward force to maintain their path?"", ""How can you find instances around you where something is moving in a circle and is constantly being pulled towards the center of that circle?""]",Playground carousel rotating,[]
PR-EN-014-fe-kg,PR-EN-014-fe,en,problem_finding,few_shot,kg,,What can you find in your surroundings that demonstrates circular motion?,"[""What are some examples of things in your surroundings that move in a circular path and experience a force directed towards the center?"", ""Can you identify items in your daily life that exhibit circular motion and require a continuous inward force to maintain their path?"", ""How can you find instances around you where something is moving in a circle and is constantly being pulled towards the center of that circle?""]",Playground carousel rotating,[]
PR-EN-015-co-base,PR-EN-015-co,en,problem_finding,cot,none,,What things around you can you find that move in a circular path and experience a force towards the center?,"[""What are some examples of things in your surroundings that move in a circular path and experience a force directed towards the center?"", ""Can you identify items in your daily life that exhibit circular motion and require a continuous inward force to maintain their path?"", ""How can you find instances around you where something is moving in a circle and is constantly being pulled towards the center of that circle?""]",Playground carousel rotating,[]
PR-EN-015-co-kg,PR-EN-015-co,en,problem_finding,cot,kg,,What items around you can you find that move in a circular path and require an inward force to maintain their motion?,"[""What are some examples of things in your surroundings that move in a circular path and experience a force directed towards the center?"", ""Can you identify items in your daily life that exhibit circular motion and require a continuous inward force to maintain their path?"", ""How can you find instances around you where something is moving in a circle and is constantly being pulled towards the center of that circle?""]",Playground carousel rotating,[]
PR-EN-016-dr-base,PR-EN-016-dr,en,problem_finding,draft_critique_revise,none,,What items around you can you find that move in a circular path and experience centripetal acceleration?,"[""What are some examples of things in your surroundings that move in a circular path and experience a force directed towards the center?"", ""Can you identify items in your daily life that exhibit circular motion and require a continuous inward force to maintain their path?"", ""How can you find instances around you where something is moving in a circle and is constantly being pulled towards the center of that circle?""]",Playground carousel rotating,[]
PR-EN-016-dr-kg,PR-EN-016-dr,en,problem_finding,draft_critique_revise,kg,,What items around you move in a circular path and require an inward force to maintain their motion?,"[""What are some examples of things in your surroundings that move in a circular path and experience a force directed towards the center?"", ""Can you identify items in your daily life that exhibit circular motion and require a continuous inward force to maintain their path?"", ""How can you find instances around you where something is moving in a circle and is constantly being pulled towards the center of that circle?""]",Playground carousel rotating,[]
PR-EN-017-ze-base,PR-EN-017-ze,en,problem_finding,zero_shot,none,,Can you find something in your environment that moves in a circular path and identify what keeps it moving in that path?,"[""What are some examples of things in your surroundings that move in a circular path and experience a force directed towards the center?"", ""Can you identify items in your daily life that exhibit circular motion and require a continuous inward force to maintain their path?"", ""How can you find instances around you where something is moving in a circle and is constantly being pulled towards the center of that circle?""]",Playground hamster wheel,[]
PR-EN-017-ze-kg,PR-EN-017-ze,en,problem_finding,zero_shot,kg,,Can you find something in your environment that moves in a circular path and identify what keeps it moving in that path?,"[""What are some examples of things in your surroundings that move in a circular path and experience a force directed towards the center?"", ""Can you identify items in your daily life that exhibit circular motion and require a continuous inward force to maintain their path?"", ""How can you find instances around you where something is moving in a circle and is constantly being pulled towards the center of that circle?""]",Playground hamster wheel,[]
PR-EN-018-fe-base,PR-EN-018-fe,en,problem_finding,few_shot,none,,What can you find in your surroundings that involves circular motion?,"[""What are some examples of things in your surroundings that move in a circular path and experience a force directed towards the center?"", ""Can you identify items in your daily life that exhibit circular motion and require a continuous inward force to maintain their path?"", ""How can you find instances around you where something is moving in a circle and is constantly being pulled towards the center of that circle?""]",Playground hamster wheel,[]
PR-EN-018-fe-kg,PR-EN-018-fe,en,problem_finding,few_shot,kg,,What can you find in your surroundings that moves in a circular path?,"[""What are some examples of things in your surroundings that move in a circular path and experience a force directed towards the center?"", ""Can you identify items in your daily life that exhibit circular motion and require a continuous inward force to maintain their path?"", ""How can you find instances around you where something is moving in a circle and is constantly being pulled towards the center of that circle?""]",Playground hamster wheel,[]
PR-EN-019-co-base,PR-EN-019-co,en,problem_finding,cot,none,,What items in your surroundings can you find that move in a circular path?,"[""What are some examples of things in your surroundings that move in a circular path and experience a force directed towards the center?"", ""Can you identify items in your daily life that exhibit circular motion and require a continuous inward force to maintain their path?"", ""How can you find instances around you where something is moving in a circle and is constantly being pulled towards the center of that circle?""]",Playground hamster wheel,[]
PR-EN-019-co-kg,PR-EN-019-co,en,problem_finding,cot,kg,,What items around you can you find that move in a circular path and require an inward force to maintain their motion?,"[""What are some examples of things in your surroundings that move in a circular path and experience a force directed towards the center?"", ""Can you identify items in your daily life that exhibit circular motion and require a continuous inward force to maintain their path?"", ""How can you find instances around you where something is moving in a circle and is constantly being pulled towards the center of that circle?""]",Playground hamster wheel,[]
PR-EN-020-dr-base,PR-EN-020-dr,en,problem_finding,draft_critique_revise,none,,What items can you find in your environment that move in a circular path?,"[""What are some examples of things in your surroundings that move in a circular path and experience a force directed towards the center?"", ""Can you identify items in your daily life that exhibit circular motion and require a continuous inward force to maintain their path?"", ""How can you find instances around you where something is moving in a circle and is constantly being pulled towards the center of that circle?""]",Playground hamster wheel,[]
PR-EN-020-dr-kg,PR-EN-020-dr,en,problem_finding,draft_critique_revise,kg,,What items around you can you find that move in a circular path?,"[""What are some examples of things in your surroundings that move in a circular path and experience a force directed towards the center?"", ""Can you identify items in your daily life that exhibit circular motion and require a continuous inward force to maintain their path?"", ""How can you find instances around you where something is moving in a circle and is constantly being pulled towards the center of that circle?""]",Playground hamster wheel,[]
PR-EN-021-ze-base,PR-EN-021-ze,en,problem_exploring,zero_shot,none,,How does the speed of a rotating fan blade affect its centripetal acceleration?,"[""How does changing the radius of a circular path affect the centripetal acceleration of an object moving at a constant speed?"", ""What real-world factors could influence the centripetal acceleration experienced by a vehicle taking a curved path, and how can these be measured?"", ""In what ways can we experimentally determine the relationship between mass, velocity, and centripetal acceleration for objects in circular motion?""]",Rotating fan blades,[]
PR-EN-021-ze-kg,PR-EN-021-ze,en,problem_exploring,zero_shot,kg,,How does changing the radius of a fan blade affect the centripetal acceleration experienced at the blade tip when the fan rotates at a constant angular velocity?,"[""How does changing the radius of a circular path affect the centripetal acceleration of an object moving at a constant speed?"", ""What real-world factors could influence the centripetal acceleration experienced by a vehicle taking a curved path, and how can these be measured?"", ""In what ways can we experimentally determine the relationship between mass, velocity, and centripetal acceleration for objects in circular motion?""]",Rotating fan blades,[]
PR-EN-022-fe-base,PR-EN-022-fe,en,problem_exploring,few_shot,none,,What can you observe about the relationship between the speed of the fan blades and the force required to maintain their circular motion?,"[""How does changing the radius of a circular path affect the centripetal acceleration of an object moving at a constant speed?"", ""What real-world factors could influence the centripetal acceleration experienced by a vehicle taking a curved path, and how can these be measured?"", ""In what ways can we experimentally determine the relationship between mass, velocity, and centripetal acceleration for objects in circular motion?""]",Rotating fan blades,[]
PR-EN-022-fe-kg,PR-EN-022-fe,en,problem_exploring,few_shot,kg,,What happens to the centripetal acceleration when you explore the effect of increasing angular velocity?,"[""How does changing the radius of a circular path affect the centripetal acceleration of an object moving at a constant speed?"", ""What real-world factors could influence the centripetal acceleration experienced by a vehicle taking a curved path, and how can these be measured?"", ""In what ways can we experimentally determine the relationship between mass, velocity, and centripetal acceleration for objects in circular motion?""]",Rotating fan blades,[]
PR-EN-023-co-base,PR-EN-023-co,en,problem_exploring,cot,none,,What everyday activity can you explore to understand the effects of centripetal acceleration?,"[""How does changing the radius of a circular path affect the centripetal acceleration of an object moving at a constant speed?"", ""What real-world factors could influence the centripetal acceleration experienced by a vehicle taking a curved path, and how can these be measured?"", ""In what ways can we experimentally determine the relationship between mass, velocity, and centripetal acceleration for objects in circular motion?""]",Rotating fan blades,[]
PR-EN-023-co-kg,PR-EN-023-co,en,problem_exploring,cot,kg,,How does changing the radius of a circular path affect the centripetal acceleration experienced by an object moving at a constant speed?,"[""How does changing the radius of a circular path affect the centripetal acceleration of an object moving at a constant speed?"", ""What real-world factors could influence the centripetal acceleration experienced by a vehicle taking a curved path, and how can these be measured?"", ""In what ways can we experimentally determine the relationship between mass, velocity, and centripetal acceleration for objects in circular motion?""]",Rotating fan blades,[]
PR-EN-024-dr-base,PR-EN-024-dr,en,problem_exploring,draft_critique_revise,none,,How can you measure the centripetal acceleration of an object in circular motion using everyday materials?,"[""How does changing the radius of a circular path affect the centripetal acceleration of an object moving at a constant speed?"", ""What real-world factors could influence the centripetal acceleration experienced by a vehicle taking a curved path, and how can these be measured?"", ""In what ways can we experimentally determine the relationship between mass, velocity, and centripetal acceleration for objects in circular motion?""]",Rotating fan blades,[]
PR-EN-024-dr-kg,PR-EN-024-dr,en,problem_exploring,draft_critique_revise,kg,,How does changing the radius of a circular path affect the centripetal acceleration experienced by an object?,"[""How does changing the radius of a circular path affect the centripetal acceleration of an object moving at a constant speed?"", ""What real-world factors could influence the centripetal acceleration experienced by a vehicle taking a curved path, and how can these be measured?"", ""In what ways can we experimentally determine the relationship between mass, velocity, and centripetal acceleration for objects in circular motion?""]",Rotating fan blades,[]
PR-EN-025-ze-base,PR-EN-025-ze,en,problem_exploring,zero_shot,none,,How does the speed of a spinning bicycle wheel affect the centripetal acceleration experienced by a point on its rim?,"[""How does changing the radius of a circular path affect the centripetal acceleration of an object moving at a constant speed?"", ""What real-world factors could influence the centripetal acceleration experienced by a vehicle taking a curved path, and how can these be measured?"", ""In what ways can we experimentally determine the relationship between mass, velocity, and centripetal acceleration for objects in circular motion?""]",Spinning bicycle wheel,[]
PR-EN-025-ze-kg,PR-EN-025-ze,en,problem_exploring,zero_shot,kg,,How does changing the radius of a spinning bicycle wheel affect its centripetal acceleration if the angular velocity remains constant?,"[""How does changing the radius of a circular path affect the centripetal acceleration of an object moving at a constant speed?"", ""What real-world factors could influence the centripetal acceleration experienced by a vehicle taking a curved path, and how can these be measured?"", ""In what ways can we experimentally determine the relationship between mass, velocity, and centripetal acceleration for objects in circular motion?""]",Spinning bicycle wheel,[]
PR-EN-026-fe-base,PR-EN-026-fe,en,problem_exploring,few_shot,none,,What can you observe about the forces acting on the wheel as it spins?,"[""How does changing the radius of a circular path affect the centripetal acceleration of an object moving at a constant speed?"", ""What real-world factors could influence the centripetal acceleration experienced by a vehicle taking a curved path, and how can these be measured?"", ""In what ways can we experimentally determine the relationship between mass, velocity, and centripetal acceleration for objects in circular motion?""]",Spinning bicycle wheel,[]
PR-EN-026-fe-kg,PR-EN-026-fe,en,problem_exploring,few_shot,kg,,What can you find in your surroundings that demonstrates circular motion?,"[""How does changing the radius of a circular path affect the centripetal acceleration of an object moving at a constant speed?"", ""What real-world factors could influence the centripetal acceleration experienced by a vehicle taking a curved path, and how can these be measured?"", ""In what ways can we experimentally determine the relationship between mass, velocity, and centripetal acceleration for objects in circular motion?""]",Spinning bicycle wheel,[]
PR-EN-027-co-base,PR-EN-027-co,en,problem_exploring,cot,none,,What everyday activity can you explore to understand the effects of centripetal acceleration?,"[""How does changing the radius of a circular path affect the centripetal acceleration of an object moving at a constant speed?"", ""What real-world factors could influence the centripetal acceleration experienced by a vehicle taking a curved path, and how can these be measured?"", ""In what ways can we experimentally determine the relationship between mass, velocity, and centripetal acceleration for objects in circular motion?""]",Spinning bicycle wheel,[]
PR-EN-027-co-kg,PR-EN-027-co,en,problem_exploring,cot,kg,,How does changing the radius of a circular path affect the centripetal acceleration experienced by an object moving at a constant speed?,"[""How does changing the radius of a circular path affect the centripetal acceleration of an object moving at a constant speed?"", ""What real-world factors could influence the centripetal acceleration experienced by a vehicle taking a curved path, and how can these be measured?"", ""In what ways can we experimentally determine the relationship between mass, velocity, and centripetal acceleration for objects in circular motion?""]",Spinning bicycle wheel,[]
PR-EN-028-dr-base,PR-EN-028-dr,en,problem_exploring,draft_critique_revise,none,,How can you measure the effects of centripetal acceleration on a spinning object using different variables?,"[""How does changing the radius of a circular path affect the centripetal acceleration of an object moving at a constant speed?"", ""What real-world factors could influence the centripetal acceleration experienced by a vehicle taking a curved path, and how can these be measured?"", ""In what ways can we experimentally determine the relationship between mass, velocity, and centripetal acceleration for objects in circular motion?""]",Spinning bicycle wheel,[]
PR-EN-028-dr-kg,PR-EN-028-dr,en,problem_exploring,draft_critique_revise,kg,,How does changing the radius of a circular path affect the centripetal acceleration experienced by an object?,"[""How does changing the radius of a circular path affect the centripetal acceleration of an object moving at a constant speed?"", ""What real-world factors could influence the centripetal acceleration experienced by a vehicle taking a curved path, and how can these be measured?"", ""In what ways can we experimentally determine the relationship between mass, velocity, and centripetal acceleration for objects in circular motion?""]",Spinning bicycle wheel,[]
PR-EN-029-ze-base,PR-EN-029-ze,en,problem_exploring,zero_shot,none,,How does the tension in the string affect the centripetal acceleration of a washer being swung in a circular path?,"[""How does changing the radius of a circular path affect the centripetal acceleration of an object moving at a constant speed?"", ""What real-world factors could influence the centripetal acceleration experienced by a vehicle taking a curved path, and how can these be measured?"", ""In what ways can we experimentally determine the relationship between mass, velocity, and centripetal acceleration for objects in circular motion?""]",Washer on a string,[]
PR-EN-029-ze-kg,PR-EN-029-ze,en,problem_exploring,zero_shot,kg,,How does changing the radius of the circular path affect the centripetal acceleration of a washer moving at a constant speed on a string?,"[""How does changing the radius of a circular path affect the centripetal acceleration of an object moving at a constant speed?"", ""What real-world factors could influence the centripetal acceleration experienced by a vehicle taking a curved path, and how can these be measured?"", ""In what ways can we experimentally determine the relationship between mass, velocity, and centripetal acceleration for objects in circular motion?""]",Washer on a string,[]
PR-EN-030-fe-base,PR-EN-030-fe,en,problem_exploring,few_shot,none,,What can you observe about the relationship between the speed of the washer and the tension in the string during circular motion?,"[""How does changing the radius of a circular path affect the centripetal acceleration of an object moving at a constant speed?"", ""What real-world factors could influence the centripetal acceleration experienced by a vehicle taking a curved path, and how can these be measured?"", ""In what ways can we experimentally determine the relationship between mass, velocity, and centripetal acceleration for objects in circular motion?""]",Washer on a string,[]
PR-EN-030-fe-kg,PR-EN-030-fe,en,problem_exploring,few_shot,kg,,What can you find in your surroundings that demonstrates centripetal acceleration?,"[""How does changing the radius of a circular path affect the centripetal acceleration of an object moving at a constant speed?"", ""What real-world factors could influence the centripetal acceleration experienced by a vehicle taking a curved path, and how can these be measured?"", ""In what ways can we experimentally determine the relationship between mass, velocity, and centripetal acceleration for objects in circular motion?""]",Washer on a string,[]
PR-EN-031-co-base,PR-EN-031-co,en,problem_exploring,cot,none,,How can you explore the effects of changing the radius on the centripetal acceleration of an object in circular motion?,"[""How does changing the radius of a circular path affect the centripetal acceleration of an object moving at a constant speed?"", ""What real-world factors could influence the centripetal acceleration experienced by a vehicle taking a curved path, and how can these be measured?"", ""In what ways can we experimentally determine the relationship between mass, velocity, and centripetal acceleration for objects in circular motion?""]",Washer on a string,[]
PR-EN-031-co-kg,PR-EN-031-co,en,problem_exploring,cot,kg,,How does changing the radius of a circular path affect the centripetal acceleration experienced by an object moving at a constant angular velocity?,"[""How does changing the radius of a circular path affect the centripetal acceleration of an object moving at a constant speed?"", ""What real-world factors could influence the centripetal acceleration experienced by a vehicle taking a curved path, and how can these be measured?"", ""In what ways can we experimentally determine the relationship between mass, velocity, and centripetal acceleration for objects in circular motion?""]",Washer on a string,[]
PR-EN-032-dr-base,PR-EN-032-dr,en,problem_exploring,draft_critique_revise,none,,How does the speed of an object moving in a circle affect the centripetal force required to keep it in motion?,"[""How does changing the radius of a circular path affect the centripetal acceleration of an object moving at a constant speed?"", ""What real-world factors could influence the centripetal acceleration experienced by a vehicle taking a curved path, and how can these be measured?"", ""In what ways can we experimentally determine the relationship between mass, velocity, and centripetal acceleration for objects in circular motion?""]",Washer on a string,[]
PR-EN-032-dr-kg,PR-EN-032-dr,en,problem_exploring,draft_critique_revise,kg,,How does changing the radius of a circular path affect the centripetal acceleration experienced by an object moving at a constant speed?,"[""How does changing the radius of a circular path affect the centripetal acceleration of an object moving at a constant speed?"", ""What real-world factors could influence the centripetal acceleration experienced by a vehicle taking a curved path, and how can these be measured?"", ""In what ways can we experimentally determine the relationship between mass, velocity, and centripetal acceleration for objects in circular motion?""]",Washer on a string,[]
PR-EN-033-ze-base,PR-EN-033-ze,en,problem_exploring,zero_shot,none,,How does the speed of a turntable affect the centripetal acceleration experienced by an object placed on its edge?,"[""How does changing the radius of a circular path affect the centripetal acceleration of an object moving at a constant speed?"", ""What real-world factors could influence the centripetal acceleration experienced by a vehicle taking a curved path, and how can these be measured?"", ""In what ways can we experimentally determine the relationship between mass, velocity, and centripetal acceleration for objects in circular motion?""]",Turntable,[]
PR-EN-033-ze-kg,PR-EN-033-ze,en,problem_exploring,zero_shot,kg,,How does changing the radius of a turntable affect the centripetal acceleration experienced by an object on its edge if the angular velocity remains constant?,"[""How does changing the radius of a circular path affect the centripetal acceleration of an object moving at a constant speed?"", ""What real-world factors could influence the centripetal acceleration experienced by a vehicle taking a curved path, and how can these be measured?"", ""In what ways can we experimentally determine the relationship between mass, velocity, and centripetal acceleration for objects in circular motion?""]",Turntable,[]
PR-EN-034-fe-base,PR-EN-034-fe,en,problem_exploring,few_shot,none,,What happens to the motion of objects on the turntable when you vary the speed of rotation?,"[""How does changing the radius of a circular path affect the centripetal acceleration of an object moving at a constant speed?"", ""What real-world factors could influence the centripetal acceleration experienced by a vehicle taking a curved path, and how can these be measured?"", ""In what ways can we experimentally determine the relationship between mass, velocity, and centripetal acceleration for objects in circular motion?""]",Turntable,[]
PR-EN-034-fe-kg,PR-EN-034-fe,en,problem_exploring,few_shot,kg,,What happens to the centripetal acceleration when you change the radius while keeping the angular velocity constant?,"[""How does changing the radius of a circular path affect the centripetal acceleration of an object moving at a constant speed?"", ""What real-world factors could influence the centripetal acceleration experienced by a vehicle taking a curved path, and how can these be measured?"", ""In what ways can we experimentally determine the relationship between mass, velocity, and centripetal acceleration for objects in circular motion?""]",Turntable,[]
PR-EN-035-co-base,PR-EN-035-co,en,problem_exploring,cot,none,,What everyday activity can you explore to understand the effects of centripetal acceleration?,"[""How does changing the radius of a circular path affect the centripetal acceleration of an object moving at a constant speed?"", ""What real-world factors could influence the centripetal acceleration experienced by a vehicle taking a curved path, and how can these be measured?"", ""In what ways can we experimentally determine the relationship between mass, velocity, and centripetal acceleration for objects in circular motion?""]",Turntable,[]
PR-EN-035-co-kg,PR-EN-035-co,en,problem_exploring,cot,kg,,How does changing the radius of a circular path affect the centripetal acceleration experienced by an object moving at a constant speed?,"[""How does changing the radius of a circular path affect the centripetal acceleration of an object moving at a constant speed?"", ""What real-world factors could influence the centripetal acceleration experienced by a vehicle taking a curved path, and how can these be measured?"", ""In what ways can we experimentally determine the relationship between mass, velocity, and centripetal acceleration for objects in circular motion?""]",Turntable,[]
PR-EN-036-dr-base,PR-EN-036-dr,en,problem_exploring,draft_critique_revise,none,,How can you measure the centripetal acceleration of an object on a turntable using different speeds?,"[""How does changing the radius of a circular path affect the centripetal acceleration of an object moving at a constant speed?"", ""What real-world factors could influence the centripetal acceleration experienced by a vehicle taking a curved path, and how can these be measured?"", ""In what ways can we experimentally determine the relationship between mass, velocity, and centripetal acceleration for objects in circular motion?""]",Turntable,[]
PR-EN-036-dr-kg,PR-EN-036-dr,en,problem_exploring,draft_critique_revise,kg,,How does changing the radius of a circular path affect the centripetal acceleration experienced by an object?,"[""How does changing the radius of a circular path affect the centripetal acceleration of an object moving at a constant speed?"", ""What real-world factors could influence the centripetal acceleration experienced by a vehicle taking a curved path, and how can these be measured?"", ""In what ways can we experimentally determine the relationship between mass, velocity, and centripetal acceleration for objects in circular motion?""]",Turntable,[]
PR-EN-037-ze-base,PR-EN-037-ze,en,problem_exploring,zero_shot,none,,How does the speed of a hamster running in a wheel affect the centripetal acceleration experienced by the hamster?,"[""How does changing the radius of a circular path affect the centripetal acceleration of an object moving at a constant speed?"", ""What real-world factors could influence the centripetal acceleration experienced by a vehicle taking a curved path, and how can these be measured?"", ""In what ways can we experimentally determine the relationship between mass, velocity, and centripetal acceleration for objects in circular motion?""]",hamster wheel playgroundcarousel playground,[]
PR-EN-037-ze-kg,PR-EN-037-ze,en,problem_exploring,zero_shot,kg,,How does changing the radius of a carousel affect the centripetal acceleration experienced by a rider moving at a constant speed?,"[""How does changing the radius of a circular path affect the centripetal acceleration of an object moving at a constant speed?"", ""What real-world factors could influence the centripetal acceleration experienced by a vehicle taking a curved path, and how can these be measured?"", ""In what ways can we experimentally determine the relationship between mass, velocity, and centripetal acceleration for objects in circular motion?""]",hamster wheel playgroundcarousel playground,[]
PR-EN-038-fe-base,PR-EN-038-fe,en,problem_exploring,few_shot,none,,What everyday activity can help you explore the relationship between speed and the force required to maintain circular motion?,"[""How does changing the radius of a circular path affect the centripetal acceleration of an object moving at a constant speed?"", ""What real-world factors could influence the centripetal acceleration experienced by a vehicle taking a curved path, and how can these be measured?"", ""In what ways can we experimentally determine the relationship between mass, velocity, and centripetal acceleration for objects in circular motion?""]",hamster wheel playgroundcarousel playground,[]
PR-EN-038-fe-kg,PR-EN-038-fe,en,problem_exploring,few_shot,kg,,What everyday activity involves moving in a circle and requires inward acceleration?,"[""How does changing the radius of a circular path affect the centripetal acceleration of an object moving at a constant speed?"", ""What real-world factors could influence the centripetal acceleration experienced by a vehicle taking a curved path, and how can these be measured?"", ""In what ways can we experimentally determine the relationship between mass, velocity, and centripetal acceleration for objects in circular motion?""]",hamster wheel playgroundcarousel playground,[]
PR-EN-039-co-base,PR-EN-039-co,en,problem_exploring,cot,none,,What everyday activity can you explore to understand the effects of centripetal acceleration?,"[""How does changing the radius of a circular path affect the centripetal acceleration of an object moving at a constant speed?"", ""What real-world factors could influence the centripetal acceleration experienced by a vehicle taking a curved path, and how can these be measured?"", ""In what ways can we experimentally determine the relationship between mass, velocity, and centripetal acceleration for objects in circular motion?""]",hamster wheel playgroundcarousel playground,[]
PR-EN-039-co-kg,PR-EN-039-co,en,problem_exploring,cot,kg,,How does changing the radius of a circular path affect the centripetal acceleration experienced by an object moving at a constant speed?,"[""How does changing the radius of a circular path affect the centripetal acceleration of an object moving at a constant speed?"", ""What real-world factors could influence the centripetal acceleration experienced by a vehicle taking a curved path, and how can these be measured?"", ""In what ways can we experimentally determine the relationship between mass, velocity, and centripetal acceleration for objects in circular motion?""]",hamster wheel playgroundcarousel playground,[]
PR-EN-040-dr-base,PR-EN-040-dr,en,problem_exploring,draft_critique_revise,none,,How can you design an experiment to measure the centripetal acceleration of an object in circular motion?,"[""How does changing the radius of a circular path affect the centripetal acceleration of an object moving at a constant speed?"", ""What real-world factors could influence the centripetal acceleration experienced by a vehicle taking a curved path, and how can these be measured?"", ""In what ways can we experimentally determine the relationship between mass, velocity, and centripetal acceleration for objects in circular motion?""]",hamster wheel playgroundcarousel playground,[]
PR-EN-040-dr-kg,PR-EN-040-dr,en,problem_exploring,draft_critique_revise,kg,,How does changing the radius of a circular path affect the centripetal acceleration experienced by an object moving at a constant angular velocity?,"[""How does changing the radius of a circular path affect the centripetal acceleration of an object moving at a constant speed?"", ""What real-world factors could influence the centripetal acceleration experienced by a vehicle taking a curved path, and how can these be measured?"", ""In what ways can we experimentally determine the relationship between mass, velocity, and centripetal acceleration for objects in circular motion?""]",hamster wheel playgroundcarousel playground,[]
PR-EN-041-ze-base,PR-EN-041-ze,en,problem_generating,zero_shot,none,easy,"A fan with a radius of 0.3 meters is operating, and its angular velocity over time is shown in the graph. At 15 seconds, the angular velocity is approximately 12 rad/s. Calculate the centripetal acceleration of a point on the edge of the fan blade at this time.","[""A car is moving in a circular path with a radius of 50 meters at a constant speed of 10 meters per second. Calculate the centripetal acceleration of the car."", ""A 0.5 kg ball is attached to a string and swung in a horizontal circle with a radius of 2 meters at a speed of 4 meters per second. What is the centripetal acceleration of the ball?"", ""A cyclist is riding around a circular track with a radius of 30 meters at a speed of 6 meters per second. Determine the centripetal acceleration experienced by the cyclist.""]",Difficulty: easy. Use the provided graph (graph_01dd480f.png) and real-world image (fan10.jpg) to construct one centripetal acceleration problem question.,"[""E:\\G-Physolve\\G-Uphysic\\fastapi-gpt\\easy_graph\\graph_01dd480f.png"", ""E:\\G-Physolve\\G-Uphysic\\fastapi-gpt\\image_result\\fan10.jpg""]"
PR-EN-041-ze-kg,PR-EN-041-ze,en,problem_generating,zero_shot,kg,easy,"A fan blade tip follows a circular path with a radius of 0.3 meters. Using the graph, determine the centripetal acceleration of the blade tip at 15 seconds when the angular velocity is 12 rad/s. Use the formula \( a = \omega^2 r \).","[""A car is moving in a circular path with a radius of 50 meters at a constant speed of 10 meters per second. Calculate the centripetal acceleration of the car."", ""A 0.5 kg ball is attached to a string and swung in a horizontal circle with a radius of 2 meters at a speed of 4 meters per second. What is the centripetal acceleration of the ball?"", ""A cyclist is riding around a circular track with a radius of 30 meters at a speed of 6 meters per second. Determine the centripetal acceleration experienced by the cyclist.""]",Difficulty: easy. Use the provided graph (graph_01dd480f.png) and real-world image (fan10.jpg) to construct one centripetal acceleration problem question.,"[""E:\\G-Physolve\\G-Uphysic\\fastapi-gpt\\easy_graph\\graph_01dd480f.png"", ""E:\\G-Physolve\\G-Uphysic\\fastapi-gpt\\image_result\\fan10.jpg""]"
PR-EN-042-fe-base,PR-EN-042-fe,en,problem_generating,few_shot,none,easy,"A fan blade with a radius of 0.15 m is shown in the image. Using the graph, determine the centripetal acceleration of the blade at 10 seconds when the angular velocity is approximately 12 rad/s.","[""A car is moving in a circular path with a radius of 50 meters at a constant speed of 10 meters per second. Calculate the centripetal acceleration of the car."", ""A 0.5 kg ball is attached to a string and swung in a horizontal circle with a radius of 2 meters at a speed of 4 meters per second. What is the centripetal acceleration of the ball?"", ""A cyclist is riding around a circular track with a radius of 30 meters at a speed of 6 meters per second. Determine the centripetal acceleration experienced by the cyclist.""]",Difficulty: easy. Use the provided graph (graph_01dd480f.png) and real-world image (fan10.jpg) to construct one centripetal acceleration problem question.,"[""E:\\G-Physolve\\G-Uphysic\\fastapi-gpt\\easy_graph\\graph_01dd480f.png"", ""E:\\G-Physolve\\G-Uphysic\\fastapi-gpt\\image_result\\fan10.jpg""]"
PR-EN-042-fe-kg,PR-EN-042-fe,en,problem_generating,few_shot,kg,easy,"A fan blade has a radius of 0.15 m. Using the graph, determine the centripetal acceleration at 10 seconds when the angular velocity is 12 rad/s.","[""A car is moving in a circular path with a radius of 50 meters at a constant speed of 10 meters per second. Calculate the centripetal acceleration of the car."", ""A 0.5 kg ball is attached to a string and swung in a horizontal circle with a radius of 2 meters at a speed of 4 meters per second. What is the centripetal acceleration of the ball?"", ""A cyclist is riding around a circular track with a radius of 30 meters at a speed of 6 meters per second. Determine the centripetal acceleration experienced by the cyclist.""]",Difficulty: easy. Use the provided graph (graph_01dd480f.png) and real-world image (fan10.jpg) to construct one centripetal acceleration problem question.,"[""E:\\G-Physolve\\G-Uphysic\\fastapi-gpt\\easy_graph\\graph_01dd480f.png"", ""E:\\G-Physolve\\G-Uphysic\\fastapi-gpt\\image_result\\fan10.jpg""]"
PR-EN-043-co-base,PR-EN-043-co,en,problem_generating,cot,none,easy,"A fan has blades with a radius of 0.3 meters. According to the graph, the angular velocity of the fan reaches a maximum of 17 rad/s. Calculate the maximum centripetal acceleration experienced by a point on the tip of the fan blade.","[""A car is moving in a circular path with a radius of 50 meters at a constant speed of 10 meters per second. Calculate the centripetal acceleration of the car."", ""A 0.5 kg ball is attached to a string and swung in a horizontal circle with a radius of 2 meters at a speed of 4 meters per second. What is the centripetal acceleration of the ball?"", ""A cyclist is riding around a circular track with a radius of 30 meters at a speed of 6 meters per second. Determine the centripetal acceleration experienced by the cyclist.""]",Difficulty: easy. Use the provided graph (graph_01dd480f.png) and real-world image (fan10.jpg) to construct one centripetal acceleration problem question.,"[""E:\\G-Physolve\\G-Uphysic\\fastapi-gpt\\easy_graph\\graph_01dd480f.png"", ""E:\\G-Physolve\\G-Uphysic\\fastapi-gpt\\image_result\\fan10.jpg""]"
PR-EN-043-co-kg,PR-EN-043-co,en,problem_generating,cot,kg,easy,"A fan blade tip moves in a circular path with a radius of 0.3 meters. According to the graph, the angular velocity of the fan is 10 rad/s at 15 seconds. Calculate the centripetal acceleration of the blade tip at this time.","[""A car is moving in a circular path with a radius of 50 meters at a constant speed of 10 meters per second. Calculate the centripetal acceleration of the car."", ""A 0.5 kg ball is attached to a string and swung in a horizontal circle with a radius of 2 meters at a speed of 4 meters per second. What is the centripetal acceleration of the ball?"", ""A cyclist is riding around a circular track with a radius of 30 meters at a speed of 6 meters per second. Determine the centripetal acceleration experienced by the cyclist.""]",Difficulty: easy. Use the provided graph (graph_01dd480f.png) and real-world image (fan10.jpg) to construct one centripetal acceleration problem question.,"[""E:\\G-Physolve\\G-Uphysic\\fastapi-gpt\\easy_graph\\graph_01dd480f.png"", ""E:\\G-Physolve\\G-Uphysic\\fastapi-gpt\\image_result\\fan10.jpg""]"
PR-EN-044-dr-base,PR-EN-044-dr,en,problem_generating,draft_critique_revise,none,easy,"A fan has blades with a radius of 0.3 meters. According to the graph, the angular velocity of the fan reaches a steady phase of 15 rad/s. Calculate the centripetal acceleration of a point on the tip of a fan blade during this steady phase.","[""A car is moving in a circular path with a radius of 50 meters at a constant speed of 10 meters per second. Calculate the centripetal acceleration of the car."", ""A 0.5 kg ball is attached to a string and swung in a horizontal circle with a radius of 2 meters at a speed of 4 meters per second. What is the centripetal acceleration of the ball?"", ""A cyclist is riding around a circular track with a radius of 30 meters at a speed of 6 meters per second. Determine the centripetal acceleration experienced by the cyclist.""]",Difficulty: easy. Use the provided graph (graph_01dd480f.png) and real-world image (fan10.jpg) to construct one centripetal acceleration problem question.,"[""E:\\G-Physolve\\G-Uphysic\\fastapi-gpt\\easy_graph\\graph_01dd480f.png"", ""E:\\G-Physolve\\G-Uphysic\\fastapi-gpt\\image_result\\fan10.jpg""]"
PR-EN-044-dr-kg,PR-EN-044-dr,en,problem_generating,draft_critique_revise,kg,easy,"A fan blade tip follows a circular path with a radius of 0.3 meters. Using the graph, determine the centripetal acceleration of the blade tip at 10 seconds when the angular velocity is 12 rad/s. Use the formula \( a = \omega^2 r \).","[""A car is moving in a circular path with a radius of 50 meters at a constant speed of 10 meters per second. Calculate the centripetal acceleration of the car."", ""A 0.5 kg ball is attached to a string and swung in a horizontal circle with a radius of 2 meters at a speed of 4 meters per second. What is the centripetal acceleration of the ball?"", ""A cyclist is riding around a circular track with a radius of 30 meters at a speed of 6 meters per second. Determine the centripetal acceleration experienced by the cyclist.""]",Difficulty: easy. Use the provided graph (graph_01dd480f.png) and real-world image (fan10.jpg) to construct one centripetal acceleration problem question.,"[""E:\\G-Physolve\\G-Uphysic\\fastapi-gpt\\easy_graph\\graph_01dd480f.png"", ""E:\\G-Physolve\\G-Uphysic\\fastapi-gpt\\image_result\\fan10.jpg""]"
PR-EN-045-ze-base,PR-EN-045-ze,en,problem_generating,zero_shot,none,easy,"A fan with a radius of 0.3 meters is shown in the image. Using the graph, determine the centripetal acceleration of a point on the edge of the fan at 10 seconds, when the angular velocity is approximately 10 rad/s. Use the formula \( a_c = \omega^2 r \) to calculate the centripetal acceleration.","[""A car is moving in a circular path with a radius of 50 meters at a constant speed of 10 meters per second. Calculate the centripetal acceleration of the car."", ""A 0.5 kg ball is attached to a string and swung in a horizontal circle with a radius of 2 meters at a speed of 4 meters per second. What is the centripetal acceleration of the ball?"", ""A cyclist is riding around a circular track with a radius of 30 meters at a speed of 6 meters per second. Determine the centripetal acceleration experienced by the cyclist.""]",Difficulty: easy. Use the provided graph (graph_0a99e117.png) and real-world image (fan11.jpg) to construct one centripetal acceleration problem question.,"[""E:\\G-Physolve\\G-Uphysic\\fastapi-gpt\\easy_graph\\graph_0a99e117.png"", ""E:\\G-Physolve\\G-Uphysic\\fastapi-gpt\\image_result\\fan11.jpg""]"
PR-EN-045-ze-kg,PR-EN-045-ze,en,problem_generating,zero_shot,kg,easy,"A fan blade tip moves in a circular path with a radius of 0.3 meters. According to the graph, the angular velocity of the fan reaches a maximum of 10 rad/s. Calculate the centripetal acceleration of the blade tip at this maximum angular velocity.","[""A car is moving in a circular path with a radius of 50 meters at a constant speed of 10 meters per second. Calculate the centripetal acceleration of the car."", ""A 0.5 kg ball is attached to a string and swung in a horizontal circle with a radius of 2 meters at a speed of 4 meters per second. What is the centripetal acceleration of the ball?"", ""A cyclist is riding around a circular track with a radius of 30 meters at a speed of 6 meters per second. Determine the centripetal acceleration experienced by the cyclist.""]",Difficulty: easy. Use the provided graph (graph_0a99e117.png) and real-world image (fan11.jpg) to construct one centripetal acceleration problem question.,"[""E:\\G-Physolve\\G-Uphysic\\fastapi-gpt\\easy_graph\\graph_0a99e117.png"", ""E:\\G-Physolve\\G-Uphysic\\fastapi-gpt\\image_result\\fan11.jpg""]"
PR-EN-046-fe-base,PR-EN-046-fe,en,problem_generating,few_shot,none,easy,"A fan with a blade radius of 0.15 m is shown in the image. Using the graph, determine the centripetal acceleration of the fan blade at 10 seconds when the angular velocity is 8 rad/s.","[""A car is moving in a circular path with a radius of 50 meters at a constant speed of 10 meters per second. Calculate the centripetal acceleration of the car."", ""A 0.5 kg ball is attached to a string and swung in a horizontal circle with a radius of 2 meters at a speed of 4 meters per second. What is the centripetal acceleration of the ball?"", ""A cyclist is riding around a circular track with a radius of 30 meters at a speed of 6 meters per second. Determine the centripetal acceleration experienced by the cyclist.""]",Difficulty: easy. Use the provided graph (graph_0a99e117.png) and real-world image (fan11.jpg) to construct one centripetal acceleration problem question.,"[""E:\\G-Physolve\\G-Uphysic\\fastapi-gpt\\easy_graph\\graph_0a99e117.png"", ""E:\\G-Physolve\\G-Uphysic\\fastapi-gpt\\image_result\\fan11.jpg""]"
PR-EN-046-fe-kg,PR-EN-046-fe,en,problem_generating,few_shot,kg,easy,"A fan blade has a radius of 0.15 m. Using the graph, determine the centripetal acceleration of the blade tip when the angular velocity is 8 rad/s.","[""A car is moving in a circular path with a radius of 50 meters at a constant speed of 10 meters per second. Calculate the centripetal acceleration of the car."", ""A 0.5 kg ball is attached to a string and swung in a horizontal circle with a radius of 2 meters at a speed of 4 meters per second. What is the centripetal acceleration of the ball?"", ""A cyclist is riding around a circular track with a radius of 30 meters at a speed of 6 meters per second. Determine the centripetal acceleration experienced by the cyclist.""]",Difficulty: easy. Use the provided graph (graph_0a99e117.png) and real-world image (fan11.jpg) to construct one centripetal acceleration problem question.,"[""E:\\G-Physolve\\G-Uphysic\\fastapi-gpt\\easy_graph\\graph_0a99e117.png"", ""E:\\G-Physolve\\G-Uphysic\\fastapi-gpt\\image_result\\fan11.jpg""]"
PR-EN-047-co-base,PR-EN-047-co,en,problem_generating,cot,none,easy,"A fan has blades with a radius of 0.3 meters. Using the graph, determine the centripetal acceleration of a point on the tip of the blade at 10 seconds, when the angular velocity is approximately 10 rad/s. Use the formula \( a_c = \omega^2 r \) to calculate the centripetal acceleration.","[""A car is moving in a circular path with a radius of 50 meters at a constant speed of 10 meters per second. Calculate the centripetal acceleration of the car."", ""A 0.5 kg ball is attached to a string and swung in a horizontal circle with a radius of 2 meters at a speed of 4 meters per second. What is the centripetal acceleration of the ball?"", ""A cyclist is riding around a circular track with a radius of 30 meters at a speed of 6 meters per second. Determine the centripetal acceleration experienced by the cyclist.""]",Difficulty: easy. Use the provided graph (graph_0a99e117.png) and real-world image (fan11.jpg) to construct one centripetal acceleration problem question.,"[""E:\\G-Physolve\\G-Uphysic\\fastapi-gpt\\easy_graph\\graph_0a99e117.png"", ""E:\\G-Physolve\\G-Uphysic\\fastapi-gpt\\image_result\\fan11.jpg""]"
PR-EN-047-co-kg,PR-EN-047-co,en,problem_generating,cot,kg,easy,"A fan blade tip moves in a circular path with a radius of 0.3 meters. According to the graph, the angular velocity of the fan increases from 2 rad/s to 10 rad/s over a period of 5 seconds. Calculate the change in centripetal acceleration of the blade tip during this time.","[""A car is moving in a circular path with a radius of 50 meters at a constant speed of 10 meters per second. Calculate the centripetal acceleration of the car."", ""A 0.5 kg ball is attached to a string and swung in a horizontal circle with a radius of 2 meters at a speed of 4 meters per second. What is the centripetal acceleration of the ball?"", ""A cyclist is riding around a circular track with a radius of 30 meters at a speed of 6 meters per second. Determine the centripetal acceleration experienced by the cyclist.""]",Difficulty: easy. Use the provided graph (graph_0a99e117.png) and real-world image (fan11.jpg) to construct one centripetal acceleration problem question.,"[""E:\\G-Physolve\\G-Uphysic\\fastapi-gpt\\easy_graph\\graph_0a99e117.png"", ""E:\\G-Physolve\\G-Uphysic\\fastapi-gpt\\image_result\\fan11.jpg""]"
PR-EN-048-dr-base,PR-EN-048-dr,en,problem_generating,draft_critique_revise,none,easy,"A fan with a radius of 0.3 meters is shown in the image. Using the graph, determine the centripetal acceleration of a point on the edge of the fan at 10 seconds, when the angular velocity is approximately 10 rad/s.","[""A car is moving in a circular path with a radius of 50 meters at a constant speed of 10 meters per second. Calculate the centripetal acceleration of the car."", ""A 0.5 kg ball is attached to a string and swung in a horizontal circle with a radius of 2 meters at a speed of 4 meters per second. What is the centripetal acceleration of the ball?"", ""A cyclist is riding around a circular track with a radius of 30 meters at a speed of 6 meters per second. Determine the centripetal acceleration experienced by the cyclist.""]",Difficulty: easy. Use the provided graph (graph_0a99e117.png) and real-world image (fan11.jpg) to construct one centripetal acceleration problem question.,"[""E:\\G-Physolve\\G-Uphysic\\fastapi-gpt\\easy_graph\\graph_0a99e117.png"", ""E:\\G-Physolve\\G-Uphysic\\fastapi-gpt\\image_result\\fan11.jpg""]"
PR-EN-048-dr-kg,PR-EN-048-dr,en,problem_generating,draft_critique_revise,kg,easy,"A fan blade tip follows a circular path with a radius of 0.3 meters. Using the graph, determine the centripetal acceleration of the blade tip at 10 seconds when the angular velocity is 8 rad/s.","[""A car is moving in a circular path with a radius of 50 meters at a constant speed of 10 meters per second. Calculate the centripetal acceleration of the car."", ""A 0.5 kg ball is attached to a string and swung in a horizontal circle with a radius of 2 meters at a speed of 4 meters per second. What is the centripetal acceleration of the ball?"", ""A cyclist is riding around a circular track with a radius of 30 meters at a speed of 6 meters per second. Determine the centripetal acceleration experienced by the cyclist.""]",Difficulty: easy. Use the provided graph (graph_0a99e117.png) and real-world image (fan11.jpg) to construct one centripetal acceleration problem question.,"[""E:\\G-Physolve\\G-Uphysic\\fastapi-gpt\\easy_graph\\graph_0a99e117.png"", ""E:\\G-Physolve\\G-Uphysic\\fastapi-gpt\\image_result\\fan11.jpg""]"
PR-EN-049-ze-base,PR-EN-049-ze,en,problem_generating,zero_shot,none,easy,"A fan with blades of radius 0.3 meters is operating, and its angular velocity over time is shown in the graph. During the steady phase between 10 and 20 seconds, the angular velocity is approximately 12 rad/s. Calculate the centripetal acceleration of a point on the tip of a fan blade during this steady phase.","[""A car is moving in a circular path with a radius of 50 meters at a constant speed of 10 meters per second. Calculate the centripetal acceleration of the car."", ""A 0.5 kg ball is attached to a string and swung in a horizontal circle with a radius of 2 meters at a speed of 4 meters per second. What is the centripetal acceleration of the ball?"", ""A cyclist is riding around a circular track with a radius of 30 meters at a speed of 6 meters per second. Determine the centripetal acceleration experienced by the cyclist.""]",Difficulty: easy. Use the provided graph (graph_0b0749b8.png) and real-world image (fan2.jpg) to construct one centripetal acceleration problem question.,"[""E:\\G-Physolve\\G-Uphysic\\fastapi-gpt\\easy_graph\\graph_0b0749b8.png"", ""E:\\G-Physolve\\G-Uphysic\\fastapi-gpt\\image_result\\fan2.jpg""]"
PR-EN-049-ze-kg,PR-EN-049-ze,en,problem_generating,zero_shot,kg,easy,"A fan blade tip follows a circular path with a radius of 0.3 meters. Using the graph, determine the centripetal acceleration of the blade tip at 10 seconds when the angular velocity is approximately 12 rad/s.","[""A car is moving in a circular path with a radius of 50 meters at a constant speed of 10 meters per second. Calculate the centripetal acceleration of the car."", ""A 0.5 kg ball is attached to a string and swung in a horizontal circle with a radius of 2 meters at a speed of 4 meters per second. What is the centripetal acceleration of the ball?"", ""A cyclist is riding around a circular track with a radius of 30 meters at a speed of 6 meters per second. Determine the centripetal acceleration experienced by the cyclist.""]",Difficulty: easy. Use the provided graph (graph_0b0749b8.png) and real-world image (fan2.jpg) to construct one centripetal acceleration problem question.,"[""E:\\G-Physolve\\G-Uphysic\\fastapi-gpt\\easy_graph\\graph_0b0749b8.png"", ""E:\\G-Physolve\\G-Uphysic\\fastapi-gpt\\image_result\\fan2.jpg""]"
PR-EN-050-fe-base,PR-EN-050-fe,en,problem_generating,few_shot,none,easy,A fan with a blade radius of 0.15 m operates with an angular velocity as shown in the graph. Calculate the centripetal acceleration of the blade at 10 seconds when the angular velocity is approximately 12 rad/s.,"[""A car is moving in a circular path with a radius of 50 meters at a constant speed of 10 meters per second. Calculate the centripetal acceleration of the car."", ""A 0.5 kg ball is attached to a string and swung in a horizontal circle with a radius of 2 meters at a speed of 4 meters per second. What is the centripetal acceleration of the ball?"", ""A cyclist is riding around a circular track with a radius of 30 meters at a speed of 6 meters per second. Determine the centripetal acceleration experienced by the cyclist.""]",Difficulty: easy. Use the provided graph (graph_0b0749b8.png) and real-world image (fan2.jpg) to construct one centripetal acceleration problem question.,"[""E:\\G-Physolve\\G-Uphysic\\fastapi-gpt\\easy_graph\\graph_0b0749b8.png"", ""E:\\G-Physolve\\G-Uphysic\\fastapi-gpt\\image_result\\fan2.jpg""]"
PR-EN-050-fe-kg,PR-EN-050-fe,en,problem_generating,few_shot,kg,easy,"A fan blade has a radius of 0.15 m. Using the graph, determine the centripetal acceleration of the blade tip at 10 seconds when the angular velocity is 12 rad/s.","[""A car is moving in a circular path with a radius of 50 meters at a constant speed of 10 meters per second. Calculate the centripetal acceleration of the car."", ""A 0.5 kg ball is attached to a string and swung in a horizontal circle with a radius of 2 meters at a speed of 4 meters per second. What is the centripetal acceleration of the ball?"", ""A cyclist is riding around a circular track with a radius of 30 meters at a speed of 6 meters per second. Determine the centripetal acceleration experienced by the cyclist.""]",Difficulty: easy. Use the provided graph (graph_0b0749b8.png) and real-world image (fan2.jpg) to construct one centripetal acceleration problem question.,"[""E:\\G-Physolve\\G-Uphysic\\fastapi-gpt\\easy_graph\\graph_0b0749b8.png"", ""E:\\G-Physolve\\G-Uphysic\\fastapi-gpt\\image_result\\fan2.jpg""]"
PR-EN-051-co-base,PR-EN-051-co,en,problem_generating,cot,none,easy,"A fan has blades with a radius of 0.3 meters. According to the graph, the angular velocity of the fan reaches a steady phase of 15 rad/s at around 15 seconds. Calculate the centripetal acceleration of a point on the tip of the fan blade during this steady phase.","[""A car is moving in a circular path with a radius of 50 meters at a constant speed of 10 meters per second. Calculate the centripetal acceleration of the car."", ""A 0.5 kg ball is attached to a string and swung in a horizontal circle with a radius of 2 meters at a speed of 4 meters per second. What is the centripetal acceleration of the ball?"", ""A cyclist is riding around a circular track with a radius of 30 meters at a speed of 6 meters per second. Determine the centripetal acceleration experienced by the cyclist.""]",Difficulty: easy. Use the provided graph (graph_0b0749b8.png) and real-world image (fan2.jpg) to construct one centripetal acceleration problem question.,"[""E:\\G-Physolve\\G-Uphysic\\fastapi-gpt\\easy_graph\\graph_0b0749b8.png"", ""E:\\G-Physolve\\G-Uphysic\\fastapi-gpt\\image_result\\fan2.jpg""]"
PR-EN-051-co-kg,PR-EN-051-co,en,problem_generating,cot,kg,easy,"A fan blade tip moves in a circular path with a radius of 0.2 meters. Using the graph, determine the centripetal acceleration of the blade tip at 10 seconds when the angular velocity is 12 rad/s.","[""A car is moving in a circular path with a radius of 50 meters at a constant speed of 10 meters per second. Calculate the centripetal acceleration of the car."", ""A 0.5 kg ball is attached to a string and swung in a horizontal circle with a radius of 2 meters at a speed of 4 meters per second. What is the centripetal acceleration of the ball?"", ""A cyclist is riding around a circular track with a radius of 30 meters at a speed of 6 meters per second. Determine the centripetal acceleration experienced by the cyclist.""]",Difficulty: easy. Use the provided graph (graph_0b0749b8.png) and real-world image (fan2.jpg) to construct one centripetal acceleration problem question.,"[""E:\\G-Physolve\\G-Uphysic\\fastapi-gpt\\easy_graph\\graph_0b0749b8.png"", ""E:\\G-Physolve\\G-Uphysic\\fastapi-gpt\\image_result\\fan2.jpg""]"
PR-EN-052-dr-base,PR-EN-052-dr,en,problem_generating,draft_critique_revise,none,easy,"A fan has blades with a radius of 0.3 meters. Using the graph, determine the centripetal acceleration of a point on the tip of the blade at 15 seconds, when the angular velocity is approximately 12 rad/s.","[""A car is moving in a circular path with a radius of 50 meters at a constant speed of 10 meters per second. Calculate the centripetal acceleration of the car."", ""A 0.5 kg ball is attached to a string and swung in a horizontal circle with a radius of 2 meters at a speed of 4 meters per second. What is the centripetal acceleration of the ball?"", ""A cyclist is riding around a circular track with a radius of 30 meters at a speed of 6 meters per second. Determine the centripetal acceleration experienced by the cyclist.""]",Difficulty: easy. Use the provided graph (graph_0b0749b8.png) and real-world image (fan2.jpg) to construct one centripetal acceleration problem question.,"[""E:\\G-Physolve\\G-Uphysic\\fastapi-gpt\\easy_graph\\graph_0b0749b8.png"", ""E:\\G-Physolve\\G-Uphysic\\fastapi-gpt\\image_result\\fan2.jpg""]"
PR-EN-052-dr-kg,PR-EN-052-dr,en,problem_generating,draft_critique_revise,kg,easy,"A fan blade tip follows a circular path with a radius of 0.2 meters. Using the graph, determine the centripetal acceleration of the blade tip at 10 seconds when the angular velocity is approximately 12 rad/s. Use the formula \( a_c = \omega^2 r \).","[""A car is moving in a circular path with a radius of 50 meters at a constant speed of 10 meters per second. Calculate the centripetal acceleration of the car."", ""A 0.5 kg ball is attached to a string and swung in a horizontal circle with a radius of 2 meters at a speed of 4 meters per second. What is the centripetal acceleration of the ball?"", ""A cyclist is riding around a circular track with a radius of 30 meters at a speed of 6 meters per second. Determine the centripetal acceleration experienced by the cyclist.""]",Difficulty: easy. Use the provided graph (graph_0b0749b8.png) and real-world image (fan2.jpg) to construct one centripetal acceleration problem question.,"[""E:\\G-Physolve\\G-Uphysic\\fastapi-gpt\\easy_graph\\graph_0b0749b8.png"", ""E:\\G-Physolve\\G-Uphysic\\fastapi-gpt\\image_result\\fan2.jpg""]"
PR-EN-053-ze-base,PR-EN-053-ze,en,problem_generating,zero_shot,none,easy,"A fan is shown in the image with blades rotating at an angular velocity that changes over time as depicted in the graph. If the radius of the fan blades is 0.3 meters, calculate the centripetal acceleration of a point on the tip of the blade at 15 seconds, when the angular velocity is approximately 1.4 rad/s.","[""A car is moving in a circular path with a radius of 50 meters at a constant speed of 10 meters per second. Calculate the centripetal acceleration of the car."", ""A 0.5 kg ball is attached to a string and swung in a horizontal circle with a radius of 2 meters at a speed of 4 meters per second. What is the centripetal acceleration of the ball?"", ""A cyclist is riding around a circular track with a radius of 30 meters at a speed of 6 meters per second. Determine the centripetal acceleration experienced by the cyclist.""]",Difficulty: easy. Use the provided graph (graph_0c01cd0b.png) and real-world image (fan22.png) to construct one centripetal acceleration problem question.,"[""E:\\G-Physolve\\G-Uphysic\\fastapi-gpt\\easy_graph\\graph_0c01cd0b.png"", ""E:\\G-Physolve\\G-Uphysic\\fastapi-gpt\\image_result\\fan22.png""]"
PR-EN-053-ze-kg,PR-EN-053-ze,en,problem_generating,zero_shot,kg,easy,"A fan blade tip moves in a circular path with a radius of 0.3 meters. According to the graph, the angular velocity of the fan reaches a maximum of 1.5 rad/s. Calculate the centripetal acceleration of the blade tip at this maximum angular velocity.","[""A car is moving in a circular path with a radius of 50 meters at a constant speed of 10 meters per second. Calculate the centripetal acceleration of the car."", ""A 0.5 kg ball is attached to a string and swung in a horizontal circle with a radius of 2 meters at a speed of 4 meters per second. What is the centripetal acceleration of the ball?"", ""A cyclist is riding around a circular track with a radius of 30 meters at a speed of 6 meters per second. Determine the centripetal acceleration experienced by the cyclist.""]",Difficulty: easy. Use the provided graph (graph_0c01cd0b.png) and real-world image (fan22.png) to construct one centripetal acceleration problem question.,"[""E:\\G-Physolve\\G-Uphysic\\fastapi-gpt\\easy_graph\\graph_0c01cd0b.png"", ""E:\\G-Physolve\\G-Uphysic\\fastapi-gpt\\image_result\\fan22.png""]"
PR-EN-054-fe-base,PR-EN-054-fe,en,problem_generating,few_shot,none,easy,"A fan with a blade radius of 0.15 m is shown in the image. Using the graph, determine the centripetal acceleration of the fan blade at 10 seconds, when the angular velocity is approximately 1.2 rad/s.","[""A car is moving in a circular path with a radius of 50 meters at a constant speed of 10 meters per second. Calculate the centripetal acceleration of the car."", ""A 0.5 kg ball is attached to a string and swung in a horizontal circle with a radius of 2 meters at a speed of 4 meters per second. What is the centripetal acceleration of the ball?"", ""A cyclist is riding around a circular track with a radius of 30 meters at a speed of 6 meters per second. Determine the centripetal acceleration experienced by the cyclist.""]",Difficulty: easy. Use the provided graph (graph_0c01cd0b.png) and real-world image (fan22.png) to construct one centripetal acceleration problem question.,"[""E:\\G-Physolve\\G-Uphysic\\fastapi-gpt\\easy_graph\\graph_0c01cd0b.png"", ""E:\\G-Physolve\\G-Uphysic\\fastapi-gpt\\image_result\\fan22.png""]"
PR-EN-054-fe-kg,PR-EN-054-fe,en,problem_generating,few_shot,kg,easy,"A fan blade with a radius of 0.15 m rotates with an angular velocity of 1.2 rad/s, as shown in the graph during the steady phase. Calculate the centripetal acceleration at the tip of the blade.","[""A car is moving in a circular path with a radius of 50 meters at a constant speed of 10 meters per second. Calculate the centripetal acceleration of the car."", ""A 0.5 kg ball is attached to a string and swung in a horizontal circle with a radius of 2 meters at a speed of 4 meters per second. What is the centripetal acceleration of the ball?"", ""A cyclist is riding around a circular track with a radius of 30 meters at a speed of 6 meters per second. Determine the centripetal acceleration experienced by the cyclist.""]",Difficulty: easy. Use the provided graph (graph_0c01cd0b.png) and real-world image (fan22.png) to construct one centripetal acceleration problem question.,"[""E:\\G-Physolve\\G-Uphysic\\fastapi-gpt\\easy_graph\\graph_0c01cd0b.png"", ""E:\\G-Physolve\\G-Uphysic\\fastapi-gpt\\image_result\\fan22.png""]"
PR-EN-055-co-base,PR-EN-055-co,en,problem_generating,cot,none,easy,"A fan is shown in the image with blades rotating at an angular velocity that changes over time as depicted in the graph. During the steady phase from 10 to 20 seconds, the angular velocity is approximately 1.4 rad/s. If the radius of the fan blades is 0.3 meters, calculate the centripetal acceleration of a point on the tip of a blade during this steady phase.","[""A car is moving in a circular path with a radius of 50 meters at a constant speed of 10 meters per second. Calculate the centripetal acceleration of the car."", ""A 0.5 kg ball is attached to a string and swung in a horizontal circle with a radius of 2 meters at a speed of 4 meters per second. What is the centripetal acceleration of the ball?"", ""A cyclist is riding around a circular track with a radius of 30 meters at a speed of 6 meters per second. Determine the centripetal acceleration experienced by the cyclist.""]",Difficulty: easy. Use the provided graph (graph_0c01cd0b.png) and real-world image (fan22.png) to construct one centripetal acceleration problem question.,"[""E:\\G-Physolve\\G-Uphysic\\fastapi-gpt\\easy_graph\\graph_0c01cd0b.png"", ""E:\\G-Physolve\\G-Uphysic\\fastapi-gpt\\image_result\\fan22.png""]"
PR-EN-055-co-kg,PR-EN-055-co,en,problem_generating,cot,kg,easy,"A fan blade tip moves in a circular path with a radius of 0.3 meters. Using the graph, determine the centripetal acceleration of the blade tip at 10 seconds when the angular velocity is 1.2 rad/s.","[""A car is moving in a circular path with a radius of 50 meters at a constant speed of 10 meters per second. Calculate the centripetal acceleration of the car."", ""A 0.5 kg ball is attached to a string and swung in a horizontal circle with a radius of 2 meters at a speed of 4 meters per second. What is the centripetal acceleration of the ball?"", ""A cyclist is riding around a circular track with a radius of 30 meters at a speed of 6 meters per second. Determine the centripetal acceleration experienced by the cyclist.""]",Difficulty: easy. Use the provided graph (graph_0c01cd0b.png) and real-world image (fan22.png) to construct one centripetal acceleration problem question.,"[""E:\\G-Physolve\\G-Uphysic\\fastapi-gpt\\easy_graph\\graph_0c01cd0b.png"", ""E:\\G-Physolve\\G-Uphysic\\fastapi-gpt\\image_result\\fan22.png""]"
PR-EN-056-dr-base,PR-EN-056-dr,en,problem_generating,draft_critique_revise,none,easy,"A fan blade is rotating, and its angular velocity over time is shown in the graph. During the steady phase from 10 to 20 seconds, the angular velocity is approximately 1.4 rad/s. If the radius of the fan blade is 0.3 meters, calculate the centripetal acceleration of a point on the edge of the blade during this phase.","[""A car is moving in a circular path with a radius of 50 meters at a constant speed of 10 meters per second. Calculate the centripetal acceleration of the car."", ""A 0.5 kg ball is attached to a string and swung in a horizontal circle with a radius of 2 meters at a speed of 4 meters per second. What is the centripetal acceleration of the ball?"", ""A cyclist is riding around a circular track with a radius of 30 meters at a speed of 6 meters per second. Determine the centripetal acceleration experienced by the cyclist.""]",Difficulty: easy. Use the provided graph (graph_0c01cd0b.png) and real-world image (fan22.png) to construct one centripetal acceleration problem question.,"[""E:\\G-Physolve\\G-Uphysic\\fastapi-gpt\\easy_graph\\graph_0c01cd0b.png"", ""E:\\G-Physolve\\G-Uphysic\\fastapi-gpt\\image_result\\fan22.png""]"
PR-EN-056-dr-kg,PR-EN-056-dr,en,problem_generating,draft_critique_revise,kg,easy,"A fan blade tip moves in a circular path with a radius of 0.3 meters. Using the graph, determine the centripetal acceleration of the blade tip at 15 seconds when the angular velocity is 1.2 rad/s.","[""A car is moving in a circular path with a radius of 50 meters at a constant speed of 10 meters per second. Calculate the centripetal acceleration of the car."", ""A 0.5 kg ball is attached to a string and swung in a horizontal circle with a radius of 2 meters at a speed of 4 meters per second. What is the centripetal acceleration of the ball?"", ""A cyclist is riding around a circular track with a radius of 30 meters at a speed of 6 meters per second. Determine the centripetal acceleration experienced by the cyclist.""]",Difficulty: easy. Use the provided graph (graph_0c01cd0b.png) and real-world image (fan22.png) to construct one centripetal acceleration problem question.,"[""E:\\G-Physolve\\G-Uphysic\\fastapi-gpt\\easy_graph\\graph_0c01cd0b.png"", ""E:\\G-Physolve\\G-Uphysic\\fastapi-gpt\\image_result\\fan22.png""]"
PR-EN-057-ze-base,PR-EN-057-ze,en,problem_generating,zero_shot,none,easy,"A fan with a blade radius of 0.2 meters is operating according to the angular velocity graph provided. During the steady phase (10 to 20 seconds), the angular velocity is approximately 13 rad/s. Calculate the centripetal acceleration of a point on the tip of the fan blade during this phase.","[""A car is moving in a circular path with a radius of 50 meters at a constant speed of 10 meters per second. Calculate the centripetal acceleration of the car."", ""A 0.5 kg ball is attached to a string and swung in a horizontal circle with a radius of 2 meters at a speed of 4 meters per second. What is the centripetal acceleration of the ball?"", ""A cyclist is riding around a circular track with a radius of 30 meters at a speed of 6 meters per second. Determine the centripetal acceleration experienced by the cyclist.""]",Difficulty: easy. Use the provided graph (graph_12456302.png) and real-world image (fan2_1770899009.jpg) to construct one centripetal acceleration problem question.,"[""E:\\G-Physolve\\G-Uphysic\\fastapi-gpt\\easy_graph\\graph_12456302.png"", ""E:\\G-Physolve\\G-Uphysic\\fastapi-gpt\\image_result\\qZbjrBpk21gB5dluTsyuQBWVVrJ3\\fan2_1770899009.jpg""]"
PR-EN-057-ze-kg,PR-EN-057-ze,en,problem_generating,zero_shot,kg,easy,"A fan has blades with a tip radius of 0.3 meters. According to the graph, the angular velocity of the fan reaches a steady phase at 12 rad/s. Calculate the centripetal acceleration at the tip of the fan blades during this steady phase.","[""A car is moving in a circular path with a radius of 50 meters at a constant speed of 10 meters per second. Calculate the centripetal acceleration of the car."", ""A 0.5 kg ball is attached to a string and swung in a horizontal circle with a radius of 2 meters at a speed of 4 meters per second. What is the centripetal acceleration of the ball?"", ""A cyclist is riding around a circular track with a radius of 30 meters at a speed of 6 meters per second. Determine the centripetal acceleration experienced by the cyclist.""]",Difficulty: easy. Use the provided graph (graph_12456302.png) and real-world image (fan2_1770899009.jpg) to construct one centripetal acceleration problem question.,"[""E:\\G-Physolve\\G-Uphysic\\fastapi-gpt\\easy_graph\\graph_12456302.png"", ""E:\\G-Physolve\\G-Uphysic\\fastapi-gpt\\image_result\\qZbjrBpk21gB5dluTsyuQBWVVrJ3\\fan2_1770899009.jpg""]"
PR-EN-058-fe-base,PR-EN-058-fe,en,problem_generating,few_shot,none,easy,"A fan with a blade radius of 0.15 m reaches a steady angular velocity of 13 rad/s, as shown in the graph. Calculate the centripetal acceleration of a point on the tip of the blade during this steady phase.","[""A car is moving in a circular path with a radius of 50 meters at a constant speed of 10 meters per second. Calculate the centripetal acceleration of the car."", ""A 0.5 kg ball is attached to a string and swung in a horizontal circle with a radius of 2 meters at a speed of 4 meters per second. What is the centripetal acceleration of the ball?"", ""A cyclist is riding around a circular track with a radius of 30 meters at a speed of 6 meters per second. Determine the centripetal acceleration experienced by the cyclist.""]",Difficulty: easy. Use the provided graph (graph_12456302.png) and real-world image (fan2_1770899009.jpg) to construct one centripetal acceleration problem question.,"[""E:\\G-Physolve\\G-Uphysic\\fastapi-gpt\\easy_graph\\graph_12456302.png"", ""E:\\G-Physolve\\G-Uphysic\\fastapi-gpt\\image_result\\qZbjrBpk21gB5dluTsyuQBWVVrJ3\\fan2_1770899009.jpg""]"
PR-EN-058-fe-kg,PR-EN-058-fe,en,problem_generating,few_shot,kg,easy,"A fan blade with a radius of 0.15 m rotates at an angular velocity of 12 rad/s, as shown in the steady phase of the graph. Calculate the centripetal acceleration of the blade tip.","[""A car is moving in a circular path with a radius of 50 meters at a constant speed of 10 meters per second. Calculate the centripetal acceleration of the car."", ""A 0.5 kg ball is attached to a string and swung in a horizontal circle with a radius of 2 meters at a speed of 4 meters per second. What is the centripetal acceleration of the ball?"", ""A cyclist is riding around a circular track with a radius of 30 meters at a speed of 6 meters per second. Determine the centripetal acceleration experienced by the cyclist.""]",Difficulty: easy. Use the provided graph (graph_12456302.png) and real-world image (fan2_1770899009.jpg) to construct one centripetal acceleration problem question.,"[""E:\\G-Physolve\\G-Uphysic\\fastapi-gpt\\easy_graph\\graph_12456302.png"", ""E:\\G-Physolve\\G-Uphysic\\fastapi-gpt\\image_result\\qZbjrBpk21gB5dluTsyuQBWVVrJ3\\fan2_1770899009.jpg""]"
PR-EN-059-co-base,PR-EN-059-co,en,problem_generating,cot,none,easy,"A fan with blades of radius 0.2 meters is operating according to the angular velocity graph provided. During the steady phase (10 to 20 seconds), calculate the centripetal acceleration of a point on the tip of the fan blade. Use the average angular velocity during this phase from the graph.","[""A car is moving in a circular path with a radius of 50 meters at a constant speed of 10 meters per second. Calculate the centripetal acceleration of the car."", ""A 0.5 kg ball is attached to a string and swung in a horizontal circle with a radius of 2 meters at a speed of 4 meters per second. What is the centripetal acceleration of the ball?"", ""A cyclist is riding around a circular track with a radius of 30 meters at a speed of 6 meters per second. Determine the centripetal acceleration experienced by the cyclist.""]",Difficulty: easy. Use the provided graph (graph_12456302.png) and real-world image (fan2_1770899009.jpg) to construct one centripetal acceleration problem question.,"[""E:\\G-Physolve\\G-Uphysic\\fastapi-gpt\\easy_graph\\graph_12456302.png"", ""E:\\G-Physolve\\G-Uphysic\\fastapi-gpt\\image_result\\qZbjrBpk21gB5dluTsyuQBWVVrJ3\\fan2_1770899009.jpg""]"
PR-EN-059-co-kg,PR-EN-059-co,en,problem_generating,cot,kg,easy,"A fan blade tip moves in a circular path with a radius of 0.2 meters. Using the graph, determine the centripetal acceleration of the blade tip at 15 seconds when the angular velocity is approximately 14 rad/s.","[""A car is moving in a circular path with a radius of 50 meters at a constant speed of 10 meters per second. Calculate the centripetal acceleration of the car."", ""A 0.5 kg ball is attached to a string and swung in a horizontal circle with a radius of 2 meters at a speed of 4 meters per second. What is the centripetal acceleration of the ball?"", ""A cyclist is riding around a circular track with a radius of 30 meters at a speed of 6 meters per second. Determine the centripetal acceleration experienced by the cyclist.""]",Difficulty: easy. Use the provided graph (graph_12456302.png) and real-world image (fan2_1770899009.jpg) to construct one centripetal acceleration problem question.,"[""E:\\G-Physolve\\G-Uphysic\\fastapi-gpt\\easy_graph\\graph_12456302.png"", ""E:\\G-Physolve\\G-Uphysic\\fastapi-gpt\\image_result\\qZbjrBpk21gB5dluTsyuQBWVVrJ3\\fan2_1770899009.jpg""]"
PR-EN-060-dr-base,PR-EN-060-dr,en,problem_generating,draft_critique_revise,none,easy,"A fan with a radius of 0.2 meters is operating, and its angular velocity is shown in the graph. During the steady phase from 10 to 20 seconds, the angular velocity is approximately 13 rad/s. Calculate the centripetal acceleration of a point on the tip of a fan blade during this phase.","[""A car is moving in a circular path with a radius of 50 meters at a constant speed of 10 meters per second. Calculate the centripetal acceleration of the car."", ""A 0.5 kg ball is attached to a string and swung in a horizontal circle with a radius of 2 meters at a speed of 4 meters per second. What is the centripetal acceleration of the ball?"", ""A cyclist is riding around a circular track with a radius of 30 meters at a speed of 6 meters per second. Determine the centripetal acceleration experienced by the cyclist.""]",Difficulty: easy. Use the provided graph (graph_12456302.png) and real-world image (fan2_1770899009.jpg) to construct one centripetal acceleration problem question.,"[""E:\\G-Physolve\\G-Uphysic\\fastapi-gpt\\easy_graph\\graph_12456302.png"", ""E:\\G-Physolve\\G-Uphysic\\fastapi-gpt\\image_result\\qZbjrBpk21gB5dluTsyuQBWVVrJ3\\fan2_1770899009.jpg""]"
PR-EN-060-dr-kg,PR-EN-060-dr,en,problem_generating,draft_critique_revise,kg,easy,"A fan blade tip moves in a circular path with a radius of 0.2 meters. Using the graph, determine the centripetal acceleration of the blade tip at 15 seconds when the angular velocity is approximately 12 rad/s.","[""A car is moving in a circular path with a radius of 50 meters at a constant speed of 10 meters per second. Calculate the centripetal acceleration of the car."", ""A 0.5 kg ball is attached to a string and swung in a horizontal circle with a radius of 2 meters at a speed of 4 meters per second. What is the centripetal acceleration of the ball?"", ""A cyclist is riding around a circular track with a radius of 30 meters at a speed of 6 meters per second. Determine the centripetal acceleration experienced by the cyclist.""]",Difficulty: easy. Use the provided graph (graph_12456302.png) and real-world image (fan2_1770899009.jpg) to construct one centripetal acceleration problem question.,"[""E:\\G-Physolve\\G-Uphysic\\fastapi-gpt\\easy_graph\\graph_12456302.png"", ""E:\\G-Physolve\\G-Uphysic\\fastapi-gpt\\image_result\\qZbjrBpk21gB5dluTsyuQBWVVrJ3\\fan2_1770899009.jpg""]"
PR-EN-061-ze-base,PR-EN-061-ze,en,problem_generating,zero_shot,none,intermediate,"A fan with a blade radius of 0.3 meters is shown in the image. Using the graph, determine the centripetal acceleration of a point on the tip of the fan blade at 10 seconds, when the angular velocity is approximately 0.5 rad/s. Provide your answer in meters per second squared.","[""A car is moving around a circular track with a radius of 50 meters at a constant speed of 20 m/s. Calculate the centripetal acceleration of the car."", ""A 0.5 kg ball is attached to a string and swung in a horizontal circle with a radius of 1.5 meters. If the ball completes 10 revolutions in 20 seconds, determine the centripetal acceleration of the ball."", ""A satellite orbits Earth in a circular path with a radius of 7,000 km. If the satellite completes one orbit every 90 minutes, calculate the centripetal acceleration experienced by the satellite.""]",Difficulty: intermediate. Use the provided graph (graph_00ff3cf5.png) and real-world image (fan3.jpg) to construct one centripetal acceleration problem question.,"[""E:\\G-Physolve\\G-Uphysic\\fastapi-gpt\\intermediate_graph\\graph_00ff3cf5.png"", ""E:\\G-Physolve\\G-Uphysic\\fastapi-gpt\\image_result\\fan3.jpg""]"
PR-EN-061-ze-kg,PR-EN-061-ze,en,problem_generating,zero_shot,kg,intermediate,"A fan blade tip follows a circular path with a radius of 0.3 meters. Using the graph, determine the centripetal acceleration of the blade tip at 10 seconds when the angular velocity is approximately 0.5 rad/s. Compare this to the centripetal acceleration at 40 seconds when the angular velocity is approximately 0.6 rad/s. Which time point has a greater centripetal acceleration, and by what factor does it increase?","[""A car is moving around a circular track with a radius of 50 meters at a constant speed of 20 m/s. Calculate the centripetal acceleration of the car."", ""A 0.5 kg ball is attached to a string and swung in a horizontal circle with a radius of 1.5 meters. If the ball completes 10 revolutions in 20 seconds, determine the centripetal acceleration of the ball."", ""A satellite orbits Earth in a circular path with a radius of 7,000 km. If the satellite completes one orbit every 90 minutes, calculate the centripetal acceleration experienced by the satellite.""]",Difficulty: intermediate. Use the provided graph (graph_00ff3cf5.png) and real-world image (fan3.jpg) to construct one centripetal acceleration problem question.,"[""E:\\G-Physolve\\G-Uphysic\\fastapi-gpt\\intermediate_graph\\graph_00ff3cf5.png"", ""E:\\G-Physolve\\G-Uphysic\\fastapi-gpt\\image_result\\fan3.jpg""]"
PR-EN-062-fe-base,PR-EN-062-fe,en,problem_generating,few_shot,none,intermediate,"A fan with a blade radius of 0.25 m is observed. Using the graph, determine the centripetal acceleration of the fan blade at the peak angular velocity recorded during the steady phase.","[""A car is moving around a circular track with a radius of 50 meters at a constant speed of 20 m/s. Calculate the centripetal acceleration of the car."", ""A 0.5 kg ball is attached to a string and swung in a horizontal circle with a radius of 1.5 meters. If the ball completes 10 revolutions in 20 seconds, determine the centripetal acceleration of the ball."", ""A satellite orbits Earth in a circular path with a radius of 7,000 km. If the satellite completes one orbit every 90 minutes, calculate the centripetal acceleration experienced by the satellite.""]",Difficulty: intermediate. Use the provided graph (graph_00ff3cf5.png) and real-world image (fan3.jpg) to construct one centripetal acceleration problem question.,"[""E:\\G-Physolve\\G-Uphysic\\fastapi-gpt\\intermediate_graph\\graph_00ff3cf5.png"", ""E:\\G-Physolve\\G-Uphysic\\fastapi-gpt\\image_result\\fan3.jpg""]"
PR-EN-062-fe-kg,PR-EN-062-fe,en,problem_generating,few_shot,kg,intermediate,A fan with a blade radius of 0.15 m operates with varying angular velocities as shown in the graph. Calculate the centripetal acceleration at the peak angular velocity and compare it to the centripetal acceleration during the steady phase at 0.5 rad/s.,"[""A car is moving around a circular track with a radius of 50 meters at a constant speed of 20 m/s. Calculate the centripetal acceleration of the car."", ""A 0.5 kg ball is attached to a string and swung in a horizontal circle with a radius of 1.5 meters. If the ball completes 10 revolutions in 20 seconds, determine the centripetal acceleration of the ball."", ""A satellite orbits Earth in a circular path with a radius of 7,000 km. If the satellite completes one orbit every 90 minutes, calculate the centripetal acceleration experienced by the satellite.""]",Difficulty: intermediate. Use the provided graph (graph_00ff3cf5.png) and real-world image (fan3.jpg) to construct one centripetal acceleration problem question.,"[""E:\\G-Physolve\\G-Uphysic\\fastapi-gpt\\intermediate_graph\\graph_00ff3cf5.png"", ""E:\\G-Physolve\\G-Uphysic\\fastapi-gpt\\image_result\\fan3.jpg""]"
PR-EN-063-co-base,PR-EN-063-co,en,problem_generating,cot,none,intermediate,"A fan blade is rotating with an angular velocity as shown in the graph, where the maximum angular velocity is approximately 0.7 rad/s. If the radius of the fan blade is 0.3 meters, calculate the maximum centripetal acceleration experienced by a point on the tip of the blade during the steady phase.","[""A car is moving around a circular track with a radius of 50 meters at a constant speed of 20 m/s. Calculate the centripetal acceleration of the car."", ""A 0.5 kg ball is attached to a string and swung in a horizontal circle with a radius of 1.5 meters. If the ball completes 10 revolutions in 20 seconds, determine the centripetal acceleration of the ball."", ""A satellite orbits Earth in a circular path with a radius of 7,000 km. If the satellite completes one orbit every 90 minutes, calculate the centripetal acceleration experienced by the satellite.""]",Difficulty: intermediate. Use the provided graph (graph_00ff3cf5.png) and real-world image (fan3.jpg) to construct one centripetal acceleration problem question.,"[""E:\\G-Physolve\\G-Uphysic\\fastapi-gpt\\intermediate_graph\\graph_00ff3cf5.png"", ""E:\\G-Physolve\\G-Uphysic\\fastapi-gpt\\image_result\\fan3.jpg""]"
PR-EN-063-co-kg,PR-EN-063-co,en,problem_generating,cot,kg,intermediate,"A fan blade tip follows a circular path with a radius of 0.3 meters. Using the graph provided, determine the centripetal acceleration of the blade tip at 10 seconds when the angular velocity is approximately 0.5 rad/s. How does this compare to the centripetal acceleration at 40 seconds when the angular velocity is approximately 0.6 rad/s?","[""A car is moving around a circular track with a radius of 50 meters at a constant speed of 20 m/s. Calculate the centripetal acceleration of the car."", ""A 0.5 kg ball is attached to a string and swung in a horizontal circle with a radius of 1.5 meters. If the ball completes 10 revolutions in 20 seconds, determine the centripetal acceleration of the ball."", ""A satellite orbits Earth in a circular path with a radius of 7,000 km. If the satellite completes one orbit every 90 minutes, calculate the centripetal acceleration experienced by the satellite.""]",Difficulty: intermediate. Use the provided graph (graph_00ff3cf5.png) and real-world image (fan3.jpg) to construct one centripetal acceleration problem question.,"[""E:\\G-Physolve\\G-Uphysic\\fastapi-gpt\\intermediate_graph\\graph_00ff3cf5.png"", ""E:\\G-Physolve\\G-Uphysic\\fastapi-gpt\\image_result\\fan3.jpg""]"
PR-EN-064-dr-base,PR-EN-064-dr,en,problem_generating,draft_critique_revise,none,intermediate,"A fan with a radius of 0.3 meters is shown in the image. Using the graph, determine the centripetal acceleration of a point on the edge of the fan blade at 40 seconds, when the angular velocity is approximately 0.6 rad/s. Provide your answer in meters per second squared.","[""A car is moving around a circular track with a radius of 50 meters at a constant speed of 20 m/s. Calculate the centripetal acceleration of the car."", ""A 0.5 kg ball is attached to a string and swung in a horizontal circle with a radius of 1.5 meters. If the ball completes 10 revolutions in 20 seconds, determine the centripetal acceleration of the ball."", ""A satellite orbits Earth in a circular path with a radius of 7,000 km. If the satellite completes one orbit every 90 minutes, calculate the centripetal acceleration experienced by the satellite.""]",Difficulty: intermediate. Use the provided graph (graph_00ff3cf5.png) and real-world image (fan3.jpg) to construct one centripetal acceleration problem question.,"[""E:\\G-Physolve\\G-Uphysic\\fastapi-gpt\\intermediate_graph\\graph_00ff3cf5.png"", ""E:\\G-Physolve\\G-Uphysic\\fastapi-gpt\\image_result\\fan3.jpg""]"
PR-EN-064-dr-kg,PR-EN-064-dr,en,problem_generating,draft_critique_revise,kg,intermediate,"A fan blade tip follows a circular path with a radius of 0.3 meters. Using the graph, determine the centripetal acceleration of the blade tip at 10 seconds when the angular velocity is approximately 0.5 rad/s. Compare this with the centripetal acceleration at 40 seconds when the angular velocity is approximately 0.6 rad/s. How does the change in angular velocity affect the centripetal acceleration?","[""A car is moving around a circular track with a radius of 50 meters at a constant speed of 20 m/s. Calculate the centripetal acceleration of the car."", ""A 0.5 kg ball is attached to a string and swung in a horizontal circle with a radius of 1.5 meters. If the ball completes 10 revolutions in 20 seconds, determine the centripetal acceleration of the ball."", ""A satellite orbits Earth in a circular path with a radius of 7,000 km. If the satellite completes one orbit every 90 minutes, calculate the centripetal acceleration experienced by the satellite.""]",Difficulty: intermediate. Use the provided graph (graph_00ff3cf5.png) and real-world image (fan3.jpg) to construct one centripetal acceleration problem question.,"[""E:\\G-Physolve\\G-Uphysic\\fastapi-gpt\\intermediate_graph\\graph_00ff3cf5.png"", ""E:\\G-Physolve\\G-Uphysic\\fastapi-gpt\\image_result\\fan3.jpg""]"
PR-EN-065-ze-base,PR-EN-065-ze,en,problem_generating,zero_shot,none,intermediate,"A fan with a radius of 0.3 meters is shown in the image. Using the graph, determine the centripetal acceleration of a point on the edge of the fan blade at the time when the angular velocity is at its peak. Use the peak angular velocity value from the graph to calculate the centripetal acceleration.","[""A car is moving around a circular track with a radius of 50 meters at a constant speed of 20 m/s. Calculate the centripetal acceleration of the car."", ""A 0.5 kg ball is attached to a string and swung in a horizontal circle with a radius of 1.5 meters. If the ball completes 10 revolutions in 20 seconds, determine the centripetal acceleration of the ball."", ""A satellite orbits Earth in a circular path with a radius of 7,000 km. If the satellite completes one orbit every 90 minutes, calculate the centripetal acceleration experienced by the satellite.""]",Difficulty: intermediate. Use the provided graph (graph_04f4b72e.png) and real-world image (fan6.jpeg) to construct one centripetal acceleration problem question.,"[""E:\\G-Physolve\\G-Uphysic\\fastapi-gpt\\intermediate_graph\\graph_04f4b72e.png"", ""E:\\G-Physolve\\G-Uphysic\\fastapi-gpt\\image_result\\fan6.jpeg""]"
PR-EN-065-ze-kg,PR-EN-065-ze,en,problem_generating,zero_shot,kg,intermediate,"A fan blade tip follows a circular path with a radius of 0.3 meters. Using the graph, determine the centripetal acceleration of the blade tip at the time when the angular velocity is 0.5 rad/s. How does this compare to the centripetal acceleration when the angular velocity is 0.3 rad/s?","[""A car is moving around a circular track with a radius of 50 meters at a constant speed of 20 m/s. Calculate the centripetal acceleration of the car."", ""A 0.5 kg ball is attached to a string and swung in a horizontal circle with a radius of 1.5 meters. If the ball completes 10 revolutions in 20 seconds, determine the centripetal acceleration of the ball."", ""A satellite orbits Earth in a circular path with a radius of 7,000 km. If the satellite completes one orbit every 90 minutes, calculate the centripetal acceleration experienced by the satellite.""]",Difficulty: intermediate. Use the provided graph (graph_04f4b72e.png) and real-world image (fan6.jpeg) to construct one centripetal acceleration problem question.,"[""E:\\G-Physolve\\G-Uphysic\\fastapi-gpt\\intermediate_graph\\graph_04f4b72e.png"", ""E:\\G-Physolve\\G-Uphysic\\fastapi-gpt\\image_result\\fan6.jpeg""]"
PR-EN-066-fe-base,PR-EN-066-fe,en,problem_generating,few_shot,none,intermediate,"A fan with a blade radius of 0.3 m is shown in the image. Using the graph, determine the maximum centripetal acceleration of a point on the tip of the blade during the steady phase, where the angular velocity reaches its peak value.","[""A car is moving around a circular track with a radius of 50 meters at a constant speed of 20 m/s. Calculate the centripetal acceleration of the car."", ""A 0.5 kg ball is attached to a string and swung in a horizontal circle with a radius of 1.5 meters. If the ball completes 10 revolutions in 20 seconds, determine the centripetal acceleration of the ball."", ""A satellite orbits Earth in a circular path with a radius of 7,000 km. If the satellite completes one orbit every 90 minutes, calculate the centripetal acceleration experienced by the satellite.""]",Difficulty: intermediate. Use the provided graph (graph_04f4b72e.png) and real-world image (fan6.jpeg) to construct one centripetal acceleration problem question.,"[""E:\\G-Physolve\\G-Uphysic\\fastapi-gpt\\intermediate_graph\\graph_04f4b72e.png"", ""E:\\G-Physolve\\G-Uphysic\\fastapi-gpt\\image_result\\fan6.jpeg""]"
PR-EN-066-fe-kg,PR-EN-066-fe,en,problem_generating,few_shot,kg,intermediate,A fan with a blade radius of 0.3 m operates with an angular velocity that varies as shown in the graph. Calculate the centripetal acceleration at the peak angular velocity observed on the graph.,"[""A car is moving around a circular track with a radius of 50 meters at a constant speed of 20 m/s. Calculate the centripetal acceleration of the car."", ""A 0.5 kg ball is attached to a string and swung in a horizontal circle with a radius of 1.5 meters. If the ball completes 10 revolutions in 20 seconds, determine the centripetal acceleration of the ball."", ""A satellite orbits Earth in a circular path with a radius of 7,000 km. If the satellite completes one orbit every 90 minutes, calculate the centripetal acceleration experienced by the satellite.""]",Difficulty: intermediate. Use the provided graph (graph_04f4b72e.png) and real-world image (fan6.jpeg) to construct one centripetal acceleration problem question.,"[""E:\\G-Physolve\\G-Uphysic\\fastapi-gpt\\intermediate_graph\\graph_04f4b72e.png"", ""E:\\G-Physolve\\G-Uphysic\\fastapi-gpt\\image_result\\fan6.jpeg""]"
PR-EN-067-co-base,PR-EN-067-co,en,problem_generating,cot,none,intermediate,"A fan with a radius of 0.3 meters is rotating, and its angular velocity over time is shown in the graph. During the steady phase between 20 and 30 seconds, the angular velocity is approximately 0.5 rad/s. Calculate the centripetal acceleration of a point on the tip of the fan blade during this phase.","[""A car is moving around a circular track with a radius of 50 meters at a constant speed of 20 m/s. Calculate the centripetal acceleration of the car."", ""A 0.5 kg ball is attached to a string and swung in a horizontal circle with a radius of 1.5 meters. If the ball completes 10 revolutions in 20 seconds, determine the centripetal acceleration of the ball."", ""A satellite orbits Earth in a circular path with a radius of 7,000 km. If the satellite completes one orbit every 90 minutes, calculate the centripetal acceleration experienced by the satellite.""]",Difficulty: intermediate. Use the provided graph (graph_04f4b72e.png) and real-world image (fan6.jpeg) to construct one centripetal acceleration problem question.,"[""E:\\G-Physolve\\G-Uphysic\\fastapi-gpt\\intermediate_graph\\graph_04f4b72e.png"", ""E:\\G-Physolve\\G-Uphysic\\fastapi-gpt\\image_result\\fan6.jpeg""]"
PR-EN-067-co-kg,PR-EN-067-co,en,problem_generating,cot,kg,intermediate,"A fan blade tip follows a circular path with a radius of 0.3 meters. Using the graph, determine the centripetal acceleration of the blade tip at the time when the angular velocity is at its maximum. Assume the maximum angular velocity from the graph is 0.6 rad/s. How does this centripetal acceleration compare to when the angular velocity is at its minimum of 0.3 rad/s?","[""A car is moving around a circular track with a radius of 50 meters at a constant speed of 20 m/s. Calculate the centripetal acceleration of the car."", ""A 0.5 kg ball is attached to a string and swung in a horizontal circle with a radius of 1.5 meters. If the ball completes 10 revolutions in 20 seconds, determine the centripetal acceleration of the ball."", ""A satellite orbits Earth in a circular path with a radius of 7,000 km. If the satellite completes one orbit every 90 minutes, calculate the centripetal acceleration experienced by the satellite.""]",Difficulty: intermediate. Use the provided graph (graph_04f4b72e.png) and real-world image (fan6.jpeg) to construct one centripetal acceleration problem question.,"[""E:\\G-Physolve\\G-Uphysic\\fastapi-gpt\\intermediate_graph\\graph_04f4b72e.png"", ""E:\\G-Physolve\\G-Uphysic\\fastapi-gpt\\image_result\\fan6.jpeg""]"
PR-EN-068-dr-base,PR-EN-068-dr,en,problem_generating,draft_critique_revise,none,intermediate,"A fan has blades with a radius of 0.3 meters. According to the graph, the angular velocity of the fan reaches a maximum of 0.6 rad/s. Calculate the maximum centripetal acceleration experienced by the tip of the fan blade during this phase.","[""A car is moving around a circular track with a radius of 50 meters at a constant speed of 20 m/s. Calculate the centripetal acceleration of the car."", ""A 0.5 kg ball is attached to a string and swung in a horizontal circle with a radius of 1.5 meters. If the ball completes 10 revolutions in 20 seconds, determine the centripetal acceleration of the ball."", ""A satellite orbits Earth in a circular path with a radius of 7,000 km. If the satellite completes one orbit every 90 minutes, calculate the centripetal acceleration experienced by the satellite.""]",Difficulty: intermediate. Use the provided graph (graph_04f4b72e.png) and real-world image (fan6.jpeg) to construct one centripetal acceleration problem question.,"[""E:\\G-Physolve\\G-Uphysic\\fastapi-gpt\\intermediate_graph\\graph_04f4b72e.png"", ""E:\\G-Physolve\\G-Uphysic\\fastapi-gpt\\image_result\\fan6.jpeg""]"
PR-EN-068-dr-kg,PR-EN-068-dr,en,problem_generating,draft_critique_revise,kg,intermediate,"A fan blade tip follows a circular path with a radius of 0.3 meters. Using the graph, determine the centripetal acceleration of the blade tip at the time when the angular velocity is 0.5 rad/s. How does this compare to the centripetal acceleration when the angular velocity is 0.3 rad/s?","[""A car is moving around a circular track with a radius of 50 meters at a constant speed of 20 m/s. Calculate the centripetal acceleration of the car."", ""A 0.5 kg ball is attached to a string and swung in a horizontal circle with a radius of 1.5 meters. If the ball completes 10 revolutions in 20 seconds, determine the centripetal acceleration of the ball."", ""A satellite orbits Earth in a circular path with a radius of 7,000 km. If the satellite completes one orbit every 90 minutes, calculate the centripetal acceleration experienced by the satellite.""]",Difficulty: intermediate. Use the provided graph (graph_04f4b72e.png) and real-world image (fan6.jpeg) to construct one centripetal acceleration problem question.,"[""E:\\G-Physolve\\G-Uphysic\\fastapi-gpt\\intermediate_graph\\graph_04f4b72e.png"", ""E:\\G-Physolve\\G-Uphysic\\fastapi-gpt\\image_result\\fan6.jpeg""]"
PR-EN-069-ze-base,PR-EN-069-ze,en,problem_generating,zero_shot,none,intermediate,"A fan with a radius of 0.5 meters is shown in the image. Using the graph, determine the centripetal acceleration of a point on the edge of the fan blade at t = 15 seconds, when the angular velocity is approximately 10 rad/s. Provide your answer in m/s².","[""A car is moving around a circular track with a radius of 50 meters at a constant speed of 20 m/s. Calculate the centripetal acceleration of the car."", ""A 0.5 kg ball is attached to a string and swung in a horizontal circle with a radius of 1.5 meters. If the ball completes 10 revolutions in 20 seconds, determine the centripetal acceleration of the ball."", ""A satellite orbits Earth in a circular path with a radius of 7,000 km. If the satellite completes one orbit every 90 minutes, calculate the centripetal acceleration experienced by the satellite.""]",Difficulty: intermediate. Use the provided graph (graph_0741a783.png) and real-world image (fan7.jpg) to construct one centripetal acceleration problem question.,"[""E:\\G-Physolve\\G-Uphysic\\fastapi-gpt\\intermediate_graph\\graph_0741a783.png"", ""E:\\G-Physolve\\G-Uphysic\\fastapi-gpt\\image_result\\fan7.jpg""]"
PR-EN-069-ze-kg,PR-EN-069-ze,en,problem_generating,zero_shot,kg,intermediate,"A fan has blades with a radius of 0.5 meters. According to the graph, the angular velocity of the fan increases from 2 rad/s to 10 rad/s over a period of 10 seconds. Calculate the change in centripetal acceleration at the tip of the fan blade during this time.","[""A car is moving around a circular track with a radius of 50 meters at a constant speed of 20 m/s. Calculate the centripetal acceleration of the car."", ""A 0.5 kg ball is attached to a string and swung in a horizontal circle with a radius of 1.5 meters. If the ball completes 10 revolutions in 20 seconds, determine the centripetal acceleration of the ball."", ""A satellite orbits Earth in a circular path with a radius of 7,000 km. If the satellite completes one orbit every 90 minutes, calculate the centripetal acceleration experienced by the satellite.""]",Difficulty: intermediate. Use the provided graph (graph_0741a783.png) and real-world image (fan7.jpg) to construct one centripetal acceleration problem question.,"[""E:\\G-Physolve\\G-Uphysic\\fastapi-gpt\\intermediate_graph\\graph_0741a783.png"", ""E:\\G-Physolve\\G-Uphysic\\fastapi-gpt\\image_result\\fan7.jpg""]"
PR-EN-070-fe-base,PR-EN-070-fe,en,problem_generating,few_shot,none,intermediate,A fan with a blade radius of 0.25 m is observed to have an angular velocity that varies over time as shown in the graph. Calculate the maximum centripetal acceleration of a point on the tip of the fan blade during the period from 10 to 20 seconds.,"[""A car is moving around a circular track with a radius of 50 meters at a constant speed of 20 m/s. Calculate the centripetal acceleration of the car."", ""A 0.5 kg ball is attached to a string and swung in a horizontal circle with a radius of 1.5 meters. If the ball completes 10 revolutions in 20 seconds, determine the centripetal acceleration of the ball."", ""A satellite orbits Earth in a circular path with a radius of 7,000 km. If the satellite completes one orbit every 90 minutes, calculate the centripetal acceleration experienced by the satellite.""]",Difficulty: intermediate. Use the provided graph (graph_0741a783.png) and real-world image (fan7.jpg) to construct one centripetal acceleration problem question.,"[""E:\\G-Physolve\\G-Uphysic\\fastapi-gpt\\intermediate_graph\\graph_0741a783.png"", ""E:\\G-Physolve\\G-Uphysic\\fastapi-gpt\\image_result\\fan7.jpg""]"
PR-EN-070-fe-kg,PR-EN-070-fe,en,problem_generating,few_shot,kg,intermediate,A fan with a blade radius of 0.25 m operates with varying angular velocities as shown in the graph. Calculate the centripetal acceleration of the blade tip at 15 seconds and 45 seconds. Compare the two values and explain the difference based on the graph.,"[""A car is moving around a circular track with a radius of 50 meters at a constant speed of 20 m/s. Calculate the centripetal acceleration of the car."", ""A 0.5 kg ball is attached to a string and swung in a horizontal circle with a radius of 1.5 meters. If the ball completes 10 revolutions in 20 seconds, determine the centripetal acceleration of the ball."", ""A satellite orbits Earth in a circular path with a radius of 7,000 km. If the satellite completes one orbit every 90 minutes, calculate the centripetal acceleration experienced by the satellite.""]",Difficulty: intermediate. Use the provided graph (graph_0741a783.png) and real-world image (fan7.jpg) to construct one centripetal acceleration problem question.,"[""E:\\G-Physolve\\G-Uphysic\\fastapi-gpt\\intermediate_graph\\graph_0741a783.png"", ""E:\\G-Physolve\\G-Uphysic\\fastapi-gpt\\image_result\\fan7.jpg""]"
PR-EN-071-co-base,PR-EN-071-co,en,problem_generating,cot,none,intermediate,"A fan with a radius of 0.5 meters is observed to have its angular velocity change over time as shown in the graph. During the steady phase between 30 and 40 seconds, the angular velocity is approximately 6 rad/s. Calculate the centripetal acceleration of a point on the tip of the fan blade during this steady phase.","[""A car is moving around a circular track with a radius of 50 meters at a constant speed of 20 m/s. Calculate the centripetal acceleration of the car."", ""A 0.5 kg ball is attached to a string and swung in a horizontal circle with a radius of 1.5 meters. If the ball completes 10 revolutions in 20 seconds, determine the centripetal acceleration of the ball."", ""A satellite orbits Earth in a circular path with a radius of 7,000 km. If the satellite completes one orbit every 90 minutes, calculate the centripetal acceleration experienced by the satellite.""]",Difficulty: intermediate. Use the provided graph (graph_0741a783.png) and real-world image (fan7.jpg) to construct one centripetal acceleration problem question.,"[""E:\\G-Physolve\\G-Uphysic\\fastapi-gpt\\intermediate_graph\\graph_0741a783.png"", ""E:\\G-Physolve\\G-Uphysic\\fastapi-gpt\\image_result\\fan7.jpg""]"
PR-EN-071-co-kg,PR-EN-071-co,en,problem_generating,cot,kg,intermediate,"A fan blade tip follows a circular path with a radius of 0.5 meters. Using the graph provided, determine the centripetal acceleration of the blade tip at 20 seconds when the angular velocity is at its peak. Compare this with the centripetal acceleration at 40 seconds when the angular velocity is lower. How does the change in angular velocity affect the centripetal acceleration?","[""A car is moving around a circular track with a radius of 50 meters at a constant speed of 20 m/s. Calculate the centripetal acceleration of the car."", ""A 0.5 kg ball is attached to a string and swung in a horizontal circle with a radius of 1.5 meters. If the ball completes 10 revolutions in 20 seconds, determine the centripetal acceleration of the ball."", ""A satellite orbits Earth in a circular path with a radius of 7,000 km. If the satellite completes one orbit every 90 minutes, calculate the centripetal acceleration experienced by the satellite.""]",Difficulty: intermediate. Use the provided graph (graph_0741a783.png) and real-world image (fan7.jpg) to construct one centripetal acceleration problem question.,"[""E:\\G-Physolve\\G-Uphysic\\fastapi-gpt\\intermediate_graph\\graph_0741a783.png"", ""E:\\G-Physolve\\G-Uphysic\\fastapi-gpt\\image_result\\fan7.jpg""]"
PR-EN-072-dr-base,PR-EN-072-dr,en,problem_generating,draft_critique_revise,none,intermediate,"A fan with a blade radius of 0.5 meters is shown in the image. Using the graph, determine the centripetal acceleration of a point on the tip of the fan blade at t = 15 seconds, when the angular velocity is approximately 10 rad/s. Provide your answer in m/s².","[""A car is moving around a circular track with a radius of 50 meters at a constant speed of 20 m/s. Calculate the centripetal acceleration of the car."", ""A 0.5 kg ball is attached to a string and swung in a horizontal circle with a radius of 1.5 meters. If the ball completes 10 revolutions in 20 seconds, determine the centripetal acceleration of the ball."", ""A satellite orbits Earth in a circular path with a radius of 7,000 km. If the satellite completes one orbit every 90 minutes, calculate the centripetal acceleration experienced by the satellite.""]",Difficulty: intermediate. Use the provided graph (graph_0741a783.png) and real-world image (fan7.jpg) to construct one centripetal acceleration problem question.,"[""E:\\G-Physolve\\G-Uphysic\\fastapi-gpt\\intermediate_graph\\graph_0741a783.png"", ""E:\\G-Physolve\\G-Uphysic\\fastapi-gpt\\image_result\\fan7.jpg""]"
PR-EN-072-dr-kg,PR-EN-072-dr,en,problem_generating,draft_critique_revise,kg,intermediate,"A fan blade tip follows a circular path with a radius of 0.5 meters. Using the graph, determine the centripetal acceleration of the blade tip at 15 seconds when the angular velocity is approximately 10 rad/s. Compare this to the centripetal acceleration at 45 seconds when the angular velocity is approximately 5 rad/s. How does the change in angular velocity affect the centripetal acceleration?","[""A car is moving around a circular track with a radius of 50 meters at a constant speed of 20 m/s. Calculate the centripetal acceleration of the car."", ""A 0.5 kg ball is attached to a string and swung in a horizontal circle with a radius of 1.5 meters. If the ball completes 10 revolutions in 20 seconds, determine the centripetal acceleration of the ball."", ""A satellite orbits Earth in a circular path with a radius of 7,000 km. If the satellite completes one orbit every 90 minutes, calculate the centripetal acceleration experienced by the satellite.""]",Difficulty: intermediate. Use the provided graph (graph_0741a783.png) and real-world image (fan7.jpg) to construct one centripetal acceleration problem question.,"[""E:\\G-Physolve\\G-Uphysic\\fastapi-gpt\\intermediate_graph\\graph_0741a783.png"", ""E:\\G-Physolve\\G-Uphysic\\fastapi-gpt\\image_result\\fan7.jpg""]"
PR-EN-073-ze-base,PR-EN-073-ze,en,problem_generating,zero_shot,none,intermediate,"A fan with a radius of 0.3 meters is shown in the image. Using the graph, determine the centripetal acceleration of a point on the edge of the fan blade at t = 20 seconds, when the angular velocity is at its peak. Use the formula for centripetal acceleration \( a_c = \omega^2 r \), where \( \omega \) is the angular velocity in rad/s and \( r \) is the radius in meters.","[""A car is moving around a circular track with a radius of 50 meters at a constant speed of 20 m/s. Calculate the centripetal acceleration of the car."", ""A 0.5 kg ball is attached to a string and swung in a horizontal circle with a radius of 1.5 meters. If the ball completes 10 revolutions in 20 seconds, determine the centripetal acceleration of the ball."", ""A satellite orbits Earth in a circular path with a radius of 7,000 km. If the satellite completes one orbit every 90 minutes, calculate the centripetal acceleration experienced by the satellite.""]",Difficulty: intermediate. Use the provided graph (graph_0cd75b9e.png) and real-world image (fan8.png) to construct one centripetal acceleration problem question.,"[""E:\\G-Physolve\\G-Uphysic\\fastapi-gpt\\intermediate_graph\\graph_0cd75b9e.png"", ""E:\\G-Physolve\\G-Uphysic\\fastapi-gpt\\image_result\\fan8.png""]"
PR-EN-073-ze-kg,PR-EN-073-ze,en,problem_generating,zero_shot,kg,intermediate,"A fan blade tip follows a circular path with a radius of 0.3 meters. Using the graph of angular velocity versus time, determine the centripetal acceleration of the blade tip at 20 seconds. How does this compare to the centripetal acceleration at 35 seconds, and what does this tell you about the relationship between angular velocity and centripetal acceleration?","[""A car is moving around a circular track with a radius of 50 meters at a constant speed of 20 m/s. Calculate the centripetal acceleration of the car."", ""A 0.5 kg ball is attached to a string and swung in a horizontal circle with a radius of 1.5 meters. If the ball completes 10 revolutions in 20 seconds, determine the centripetal acceleration of the ball."", ""A satellite orbits Earth in a circular path with a radius of 7,000 km. If the satellite completes one orbit every 90 minutes, calculate the centripetal acceleration experienced by the satellite.""]",Difficulty: intermediate. Use the provided graph (graph_0cd75b9e.png) and real-world image (fan8.png) to construct one centripetal acceleration problem question.,"[""E:\\G-Physolve\\G-Uphysic\\fastapi-gpt\\intermediate_graph\\graph_0cd75b9e.png"", ""E:\\G-Physolve\\G-Uphysic\\fastapi-gpt\\image_result\\fan8.png""]"
PR-EN-074-fe-base,PR-EN-074-fe,en,problem_generating,few_shot,none,intermediate,"A fan with a radius of 0.15 m is shown in the image. Using the graph, determine the centripetal acceleration of a point on the edge of the fan blade at t = 20 seconds, when the angular velocity is at its peak.","[""A car is moving around a circular track with a radius of 50 meters at a constant speed of 20 m/s. Calculate the centripetal acceleration of the car."", ""A 0.5 kg ball is attached to a string and swung in a horizontal circle with a radius of 1.5 meters. If the ball completes 10 revolutions in 20 seconds, determine the centripetal acceleration of the ball."", ""A satellite orbits Earth in a circular path with a radius of 7,000 km. If the satellite completes one orbit every 90 minutes, calculate the centripetal acceleration experienced by the satellite.""]",Difficulty: intermediate. Use the provided graph (graph_0cd75b9e.png) and real-world image (fan8.png) to construct one centripetal acceleration problem question.,"[""E:\\G-Physolve\\G-Uphysic\\fastapi-gpt\\intermediate_graph\\graph_0cd75b9e.png"", ""E:\\G-Physolve\\G-Uphysic\\fastapi-gpt\\image_result\\fan8.png""]"
PR-EN-074-fe-kg,PR-EN-074-fe,en,problem_generating,few_shot,kg,intermediate,"A fan with a blade radius of 0.15 m is observed. Using the graph, determine the centripetal acceleration at the peak angular velocity of 4 rad/s and compare it to the centripetal acceleration at an angular velocity of 2 rad/s. How does the change in angular velocity affect the centripetal acceleration?","[""A car is moving around a circular track with a radius of 50 meters at a constant speed of 20 m/s. Calculate the centripetal acceleration of the car."", ""A 0.5 kg ball is attached to a string and swung in a horizontal circle with a radius of 1.5 meters. If the ball completes 10 revolutions in 20 seconds, determine the centripetal acceleration of the ball."", ""A satellite orbits Earth in a circular path with a radius of 7,000 km. If the satellite completes one orbit every 90 minutes, calculate the centripetal acceleration experienced by the satellite.""]",Difficulty: intermediate. Use the provided graph (graph_0cd75b9e.png) and real-world image (fan8.png) to construct one centripetal acceleration problem question.,"[""E:\\G-Physolve\\G-Uphysic\\fastapi-gpt\\intermediate_graph\\graph_0cd75b9e.png"", ""E:\\G-Physolve\\G-Uphysic\\fastapi-gpt\\image_result\\fan8.png""]"
PR-EN-075-co-base,PR-EN-075-co,en,problem_generating,cot,none,intermediate,"A fan has blades with a radius of 0.3 meters. Using the graph of angular velocity versus time, determine the centripetal acceleration of a point on the tip of a blade at t = 20 seconds. Assume the angular velocity at this time is 3.5 rad/s.","[""A car is moving around a circular track with a radius of 50 meters at a constant speed of 20 m/s. Calculate the centripetal acceleration of the car."", ""A 0.5 kg ball is attached to a string and swung in a horizontal circle with a radius of 1.5 meters. If the ball completes 10 revolutions in 20 seconds, determine the centripetal acceleration of the ball."", ""A satellite orbits Earth in a circular path with a radius of 7,000 km. If the satellite completes one orbit every 90 minutes, calculate the centripetal acceleration experienced by the satellite.""]",Difficulty: intermediate. Use the provided graph (graph_0cd75b9e.png) and real-world image (fan8.png) to construct one centripetal acceleration problem question.,"[""E:\\G-Physolve\\G-Uphysic\\fastapi-gpt\\intermediate_graph\\graph_0cd75b9e.png"", ""E:\\G-Physolve\\G-Uphysic\\fastapi-gpt\\image_result\\fan8.png""]"
PR-EN-075-co-kg,PR-EN-075-co,en,problem_generating,cot,kg,intermediate,"A fan blade rotates with an angular velocity that changes over time as shown in the graph. At time t = 10 seconds, the angular velocity is 3 rad/s. If the radius of the fan blade is 0.5 meters, calculate the centripetal acceleration of the blade tip at this time. How does this compare to the centripetal acceleration at t = 35 seconds when the angular velocity is 2 rad/s?","[""A car is moving around a circular track with a radius of 50 meters at a constant speed of 20 m/s. Calculate the centripetal acceleration of the car."", ""A 0.5 kg ball is attached to a string and swung in a horizontal circle with a radius of 1.5 meters. If the ball completes 10 revolutions in 20 seconds, determine the centripetal acceleration of the ball."", ""A satellite orbits Earth in a circular path with a radius of 7,000 km. If the satellite completes one orbit every 90 minutes, calculate the centripetal acceleration experienced by the satellite.""]",Difficulty: intermediate. Use the provided graph (graph_0cd75b9e.png) and real-world image (fan8.png) to construct one centripetal acceleration problem question.,"[""E:\\G-Physolve\\G-Uphysic\\fastapi-gpt\\intermediate_graph\\graph_0cd75b9e.png"", ""E:\\G-Physolve\\G-Uphysic\\fastapi-gpt\\image_result\\fan8.png""]"
PR-EN-076-dr-base,PR-EN-076-dr,en,problem_generating,draft_critique_revise,none,intermediate,"A fan has blades with a radius of 0.3 meters. Using the graph, determine the centripetal acceleration of a point on the tip of a blade during the steady phase when the angular velocity is approximately 3.5 rad/s. Use the formula \( a_c = \omega^2 r \) to calculate the centripetal acceleration.","[""A car is moving around a circular track with a radius of 50 meters at a constant speed of 20 m/s. Calculate the centripetal acceleration of the car."", ""A 0.5 kg ball is attached to a string and swung in a horizontal circle with a radius of 1.5 meters. If the ball completes 10 revolutions in 20 seconds, determine the centripetal acceleration of the ball."", ""A satellite orbits Earth in a circular path with a radius of 7,000 km. If the satellite completes one orbit every 90 minutes, calculate the centripetal acceleration experienced by the satellite.""]",Difficulty: intermediate. Use the provided graph (graph_0cd75b9e.png) and real-world image (fan8.png) to construct one centripetal acceleration problem question.,"[""E:\\G-Physolve\\G-Uphysic\\fastapi-gpt\\intermediate_graph\\graph_0cd75b9e.png"", ""E:\\G-Physolve\\G-Uphysic\\fastapi-gpt\\image_result\\fan8.png""]"
PR-EN-076-dr-kg,PR-EN-076-dr,en,problem_generating,draft_critique_revise,kg,intermediate,"A fan has a blade tip radius of 0.3 meters. Using the graph of angular velocity versus time, determine the centripetal acceleration of the blade tip at 20 seconds. How does this compare to the centripetal acceleration at 35 seconds? Assume the angular velocity values from the graph are accurate.","[""A car is moving around a circular track with a radius of 50 meters at a constant speed of 20 m/s. Calculate the centripetal acceleration of the car."", ""A 0.5 kg ball is attached to a string and swung in a horizontal circle with a radius of 1.5 meters. If the ball completes 10 revolutions in 20 seconds, determine the centripetal acceleration of the ball."", ""A satellite orbits Earth in a circular path with a radius of 7,000 km. If the satellite completes one orbit every 90 minutes, calculate the centripetal acceleration experienced by the satellite.""]",Difficulty: intermediate. Use the provided graph (graph_0cd75b9e.png) and real-world image (fan8.png) to construct one centripetal acceleration problem question.,"[""E:\\G-Physolve\\G-Uphysic\\fastapi-gpt\\intermediate_graph\\graph_0cd75b9e.png"", ""E:\\G-Physolve\\G-Uphysic\\fastapi-gpt\\image_result\\fan8.png""]"
PR-EN-077-ze-base,PR-EN-077-ze,en,problem_generating,zero_shot,none,intermediate,"A cyclist is riding a bike with wheels of radius 0.5 meters. According to the graph, the angular velocity of the wheels reaches a maximum of 22 rad/s at around 20 seconds. Using the image, determine the centripetal acceleration of a point on the edge of the wheel at this maximum angular velocity.","[""A car is moving around a circular track with a radius of 50 meters at a constant speed of 20 m/s. Calculate the centripetal acceleration of the car."", ""A 0.5 kg ball is attached to a string and swung in a horizontal circle with a radius of 1.5 meters. If the ball completes 10 revolutions in 20 seconds, determine the centripetal acceleration of the ball."", ""A satellite orbits Earth in a circular path with a radius of 7,000 km. If the satellite completes one orbit every 90 minutes, calculate the centripetal acceleration experienced by the satellite.""]",Difficulty: intermediate. Use the provided graph (graph_0f5b949e.png) and real-world image (foto_with_circles_1753524783.jpg) to construct one centripetal acceleration problem question.,"[""E:\\G-Physolve\\G-Uphysic\\fastapi-gpt\\intermediate_graph\\graph_0f5b949e.png"", ""E:\\G-Physolve\\G-Uphysic\\fastapi-gpt\\image_result\\g6xxWMxAdjgSPrLfNjkh6qBUI8q1\\foto_with_circles_1753524783.jpg""]"
PR-EN-077-ze-kg,PR-EN-077-ze,en,problem_generating,zero_shot,kg,intermediate,"A ball is attached to a string and swung in a horizontal circle. The graph shows the angular velocity of the ball over time. At time t = 10 s, the angular velocity is 15 rad/s. Using the image, if the radius of the circle is 0.5 m, calculate the centripetal acceleration of the ball at this time. How does this compare to the centripetal acceleration at t = 20 s when the angular velocity is 20 rad/s?","[""A car is moving around a circular track with a radius of 50 meters at a constant speed of 20 m/s. Calculate the centripetal acceleration of the car."", ""A 0.5 kg ball is attached to a string and swung in a horizontal circle with a radius of 1.5 meters. If the ball completes 10 revolutions in 20 seconds, determine the centripetal acceleration of the ball."", ""A satellite orbits Earth in a circular path with a radius of 7,000 km. If the satellite completes one orbit every 90 minutes, calculate the centripetal acceleration experienced by the satellite.""]",Difficulty: intermediate. Use the provided graph (graph_0f5b949e.png) and real-world image (foto_with_circles_1753524783.jpg) to construct one centripetal acceleration problem question.,"[""E:\\G-Physolve\\G-Uphysic\\fastapi-gpt\\intermediate_graph\\graph_0f5b949e.png"", ""E:\\G-Physolve\\G-Uphysic\\fastapi-gpt\\image_result\\g6xxWMxAdjgSPrLfNjkh6qBUI8q1\\foto_with_circles_1753524783.jpg""]"
PR-EN-078-fe-base,PR-EN-078-fe,en,problem_generating,few_shot,none,intermediate,"A bicycle wheel with a radius of 0.35 m is shown in the image. Using the graph, determine the centripetal acceleration of a point on the edge of the wheel at the peak angular velocity observed. Assume the peak occurs at 20 rad/s.","[""A car is moving around a circular track with a radius of 50 meters at a constant speed of 20 m/s. Calculate the centripetal acceleration of the car."", ""A 0.5 kg ball is attached to a string and swung in a horizontal circle with a radius of 1.5 meters. If the ball completes 10 revolutions in 20 seconds, determine the centripetal acceleration of the ball."", ""A satellite orbits Earth in a circular path with a radius of 7,000 km. If the satellite completes one orbit every 90 minutes, calculate the centripetal acceleration experienced by the satellite.""]",Difficulty: intermediate. Use the provided graph (graph_0f5b949e.png) and real-world image (foto_with_circles_1753524783.jpg) to construct one centripetal acceleration problem question.,"[""E:\\G-Physolve\\G-Uphysic\\fastapi-gpt\\intermediate_graph\\graph_0f5b949e.png"", ""E:\\G-Physolve\\G-Uphysic\\fastapi-gpt\\image_result\\g6xxWMxAdjgSPrLfNjkh6qBUI8q1\\foto_with_circles_1753524783.jpg""]"
PR-EN-078-fe-kg,PR-EN-078-fe,en,problem_generating,few_shot,kg,intermediate,"A cyclist pedals a wheel with a radius of 0.5 meters. According to the graph, the angular velocity of the wheel increases from 10 rad/s to 20 rad/s over a period of 15 seconds. Calculate the change in centripetal acceleration of a point on the rim of the wheel during this time.","[""A car is moving around a circular track with a radius of 50 meters at a constant speed of 20 m/s. Calculate the centripetal acceleration of the car."", ""A 0.5 kg ball is attached to a string and swung in a horizontal circle with a radius of 1.5 meters. If the ball completes 10 revolutions in 20 seconds, determine the centripetal acceleration of the ball."", ""A satellite orbits Earth in a circular path with a radius of 7,000 km. If the satellite completes one orbit every 90 minutes, calculate the centripetal acceleration experienced by the satellite.""]",Difficulty: intermediate. Use the provided graph (graph_0f5b949e.png) and real-world image (foto_with_circles_1753524783.jpg) to construct one centripetal acceleration problem question.,"[""E:\\G-Physolve\\G-Uphysic\\fastapi-gpt\\intermediate_graph\\graph_0f5b949e.png"", ""E:\\G-Physolve\\G-Uphysic\\fastapi-gpt\\image_result\\g6xxWMxAdjgSPrLfNjkh6qBUI8q1\\foto_with_circles_1753524783.jpg""]"
PR-EN-079-co-base,PR-EN-079-co,en,problem_generating,cot,none,intermediate,"A bicycle wheel with a radius of 0.5 meters is spinning, and its angular velocity over time is shown in the graph. During the steady phase from 10 to 20 seconds, the angular velocity is approximately 15 rad/s. Calculate the centripetal acceleration of a point on the edge of the wheel during this phase.","[""A car is moving around a circular track with a radius of 50 meters at a constant speed of 20 m/s. Calculate the centripetal acceleration of the car."", ""A 0.5 kg ball is attached to a string and swung in a horizontal circle with a radius of 1.5 meters. If the ball completes 10 revolutions in 20 seconds, determine the centripetal acceleration of the ball."", ""A satellite orbits Earth in a circular path with a radius of 7,000 km. If the satellite completes one orbit every 90 minutes, calculate the centripetal acceleration experienced by the satellite.""]",Difficulty: intermediate. Use the provided graph (graph_0f5b949e.png) and real-world image (foto_with_circles_1753524783.jpg) to construct one centripetal acceleration problem question.,"[""E:\\G-Physolve\\G-Uphysic\\fastapi-gpt\\intermediate_graph\\graph_0f5b949e.png"", ""E:\\G-Physolve\\G-Uphysic\\fastapi-gpt\\image_result\\g6xxWMxAdjgSPrLfNjkh6qBUI8q1\\foto_with_circles_1753524783.jpg""]"
PR-EN-079-co-kg,PR-EN-079-co,en,problem_generating,cot,kg,intermediate,"A ball is attached to a string and swung in a horizontal circle. The radius of the circle is 0.5 meters. Using the graph of angular velocity versus time, determine the centripetal acceleration of the ball at 10 seconds when the angular velocity is approximately 15 rad/s. How does this compare to the centripetal acceleration at 20 seconds when the angular velocity is 20 rad/s? Assume the mass of the ball is constant.","[""A car is moving around a circular track with a radius of 50 meters at a constant speed of 20 m/s. Calculate the centripetal acceleration of the car."", ""A 0.5 kg ball is attached to a string and swung in a horizontal circle with a radius of 1.5 meters. If the ball completes 10 revolutions in 20 seconds, determine the centripetal acceleration of the ball."", ""A satellite orbits Earth in a circular path with a radius of 7,000 km. If the satellite completes one orbit every 90 minutes, calculate the centripetal acceleration experienced by the satellite.""]",Difficulty: intermediate. Use the provided graph (graph_0f5b949e.png) and real-world image (foto_with_circles_1753524783.jpg) to construct one centripetal acceleration problem question.,"[""E:\\G-Physolve\\G-Uphysic\\fastapi-gpt\\intermediate_graph\\graph_0f5b949e.png"", ""E:\\G-Physolve\\G-Uphysic\\fastapi-gpt\\image_result\\g6xxWMxAdjgSPrLfNjkh6qBUI8q1\\foto_with_circles_1753524783.jpg""]"
PR-EN-080-dr-base,PR-EN-080-dr,en,problem_generating,draft_critique_revise,none,intermediate,"A bicycle wheel with a radius of 0.5 meters is spinning, as shown in the image. Using the graph, determine the centripetal acceleration of a point on the edge of the wheel at t = 15 seconds, when the angular velocity is approximately 18 rad/s. Use the formula for centripetal acceleration: a_c = ω²r.","[""A car is moving around a circular track with a radius of 50 meters at a constant speed of 20 m/s. Calculate the centripetal acceleration of the car."", ""A 0.5 kg ball is attached to a string and swung in a horizontal circle with a radius of 1.5 meters. If the ball completes 10 revolutions in 20 seconds, determine the centripetal acceleration of the ball."", ""A satellite orbits Earth in a circular path with a radius of 7,000 km. If the satellite completes one orbit every 90 minutes, calculate the centripetal acceleration experienced by the satellite.""]",Difficulty: intermediate. Use the provided graph (graph_0f5b949e.png) and real-world image (foto_with_circles_1753524783.jpg) to construct one centripetal acceleration problem question.,"[""E:\\G-Physolve\\G-Uphysic\\fastapi-gpt\\intermediate_graph\\graph_0f5b949e.png"", ""E:\\G-Physolve\\G-Uphysic\\fastapi-gpt\\image_result\\g6xxWMxAdjgSPrLfNjkh6qBUI8q1\\foto_with_circles_1753524783.jpg""]"
PR-EN-080-dr-kg,PR-EN-080-dr,en,problem_generating,draft_critique_revise,kg,intermediate,"A ball is attached to a string and swung in a horizontal circle, as shown in the image. The graph shows the angular velocity of the ball over time. If the radius of the circle is 0.5 meters, calculate the centripetal acceleration of the ball at 15 seconds, when the angular velocity is approximately 20 rad/s. Use the formula for centripetal acceleration, \( a_c = \omega^2 r \), where \( \omega \) is the angular velocity and \( r \) is the radius.","[""A car is moving around a circular track with a radius of 50 meters at a constant speed of 20 m/s. Calculate the centripetal acceleration of the car."", ""A 0.5 kg ball is attached to a string and swung in a horizontal circle with a radius of 1.5 meters. If the ball completes 10 revolutions in 20 seconds, determine the centripetal acceleration of the ball."", ""A satellite orbits Earth in a circular path with a radius of 7,000 km. If the satellite completes one orbit every 90 minutes, calculate the centripetal acceleration experienced by the satellite.""]",Difficulty: intermediate. Use the provided graph (graph_0f5b949e.png) and real-world image (foto_with_circles_1753524783.jpg) to construct one centripetal acceleration problem question.,"[""E:\\G-Physolve\\G-Uphysic\\fastapi-gpt\\intermediate_graph\\graph_0f5b949e.png"", ""E:\\G-Physolve\\G-Uphysic\\fastapi-gpt\\image_result\\g6xxWMxAdjgSPrLfNjkh6qBUI8q1\\foto_with_circles_1753524783.jpg""]"
PR-EN-081-ze-base,PR-EN-081-ze,en,problem_generating,zero_shot,none,advanced,"A unicycle wheel with a radius of 0.5 meters is spinning. Using the graph from Experiment 2, determine the centripetal acceleration of a point on the edge of the wheel at t = 10 seconds. Assume the angular velocity at this time is 2 rad/s. How does the centripetal acceleration change if the angular velocity increases to 3 rad/s at t = 20 seconds?","[""A car is moving around a circular track with a radius of 50 meters. If the car completes one full lap in 40 seconds, calculate the centripetal acceleration of the car. Assume the speed is constant throughout the motion."", ""A satellite orbits Earth in a circular path with a radius of 7,000 kilometers. If the satellite completes one orbit in 90 minutes, determine the centripetal acceleration experienced by the satellite. Assume the orbit is perfectly circular."", ""A roller coaster car travels through a vertical loop with a radius of 20 meters. At the top of the loop, the speed of the car is 10 m/s. Calculate the centripetal acceleration at this point and discuss how it compares to the gravitational acceleration.""]",Difficulty: advanced. Use the provided graph (graph_00b1b290.png) and real-world image (foto_with_circles_1753525429.jpg) to construct one centripetal acceleration problem question.,"[""E:\\G-Physolve\\G-Uphysic\\fastapi-gpt\\advance_graph\\graph_00b1b290.png"", ""E:\\G-Physolve\\G-Uphysic\\fastapi-gpt\\image_result\\g6xxWMxAdjgSPrLfNjkh6qBUI8q1\\foto_with_circles_1753525429.jpg""]"
PR-EN-081-ze-kg,PR-EN-081-ze,en,problem_generating,zero_shot,kg,advanced,"A unicycle wheel with a radius of 0.5 meters is spinning with varying angular velocities as shown in the graph for Experiment 2. At time t = 10 seconds, the angular velocity is 3 rad/s. Calculate the centripetal acceleration of a point on the rim of the wheel at this time. How does this compare to the centripetal acceleration at t = 5 seconds when the angular velocity is 1 rad/s?","[""A car is moving around a circular track with a radius of 50 meters. If the car completes one full lap in 40 seconds, calculate the centripetal acceleration of the car. Assume the speed is constant throughout the motion."", ""A satellite orbits Earth in a circular path with a radius of 7,000 kilometers. If the satellite completes one orbit in 90 minutes, determine the centripetal acceleration experienced by the satellite. Assume the orbit is perfectly circular."", ""A roller coaster car travels through a vertical loop with a radius of 20 meters. At the top of the loop, the speed of the car is 10 m/s. Calculate the centripetal acceleration at this point and discuss how it compares to the gravitational acceleration.""]",Difficulty: advanced. Use the provided graph (graph_00b1b290.png) and real-world image (foto_with_circles_1753525429.jpg) to construct one centripetal acceleration problem question.,"[""E:\\G-Physolve\\G-Uphysic\\fastapi-gpt\\advance_graph\\graph_00b1b290.png"", ""E:\\G-Physolve\\G-Uphysic\\fastapi-gpt\\image_result\\g6xxWMxAdjgSPrLfNjkh6qBUI8q1\\foto_with_circles_1753525429.jpg""]"
PR-EN-082-fe-base,PR-EN-082-fe,en,problem_generating,few_shot,none,advanced,"A unicycle wheel with a radius of 0.35 m is observed during Experiment 2. At t = 10 s, the angular velocity is 2 rad/s. Calculate the centripetal acceleration of a point on the rim of the wheel at this moment.","[""A car is moving around a circular track with a radius of 50 meters. If the car completes one full lap in 40 seconds, calculate the centripetal acceleration of the car. Assume the speed is constant throughout the motion."", ""A satellite orbits Earth in a circular path with a radius of 7,000 kilometers. If the satellite completes one orbit in 90 minutes, determine the centripetal acceleration experienced by the satellite. Assume the orbit is perfectly circular."", ""A roller coaster car travels through a vertical loop with a radius of 20 meters. At the top of the loop, the speed of the car is 10 m/s. Calculate the centripetal acceleration at this point and discuss how it compares to the gravitational acceleration.""]",Difficulty: advanced. Use the provided graph (graph_00b1b290.png) and real-world image (foto_with_circles_1753525429.jpg) to construct one centripetal acceleration problem question.,"[""E:\\G-Physolve\\G-Uphysic\\fastapi-gpt\\advance_graph\\graph_00b1b290.png"", ""E:\\G-Physolve\\G-Uphysic\\fastapi-gpt\\image_result\\g6xxWMxAdjgSPrLfNjkh6qBUI8q1\\foto_with_circles_1753525429.jpg""]"
PR-EN-082-fe-kg,PR-EN-082-fe,en,problem_generating,few_shot,kg,advanced,A unicycle wheel of radius 0.4 m is spinning with an angular velocity that varies over time as shown in Experiment 2 of the graph. Calculate the maximum centripetal acceleration experienced by a point on the edge of the wheel during the time interval from 5 to 15 seconds.,"[""A car is moving around a circular track with a radius of 50 meters. If the car completes one full lap in 40 seconds, calculate the centripetal acceleration of the car. Assume the speed is constant throughout the motion."", ""A satellite orbits Earth in a circular path with a radius of 7,000 kilometers. If the satellite completes one orbit in 90 minutes, determine the centripetal acceleration experienced by the satellite. Assume the orbit is perfectly circular."", ""A roller coaster car travels through a vertical loop with a radius of 20 meters. At the top of the loop, the speed of the car is 10 m/s. Calculate the centripetal acceleration at this point and discuss how it compares to the gravitational acceleration.""]",Difficulty: advanced. Use the provided graph (graph_00b1b290.png) and real-world image (foto_with_circles_1753525429.jpg) to construct one centripetal acceleration problem question.,"[""E:\\G-Physolve\\G-Uphysic\\fastapi-gpt\\advance_graph\\graph_00b1b290.png"", ""E:\\G-Physolve\\G-Uphysic\\fastapi-gpt\\image_result\\g6xxWMxAdjgSPrLfNjkh6qBUI8q1\\foto_with_circles_1753525429.jpg""]"
PR-EN-083-co-base,PR-EN-083-co,en,problem_generating,cot,none,advanced,"A unicycle wheel with a radius of 0.5 meters is rotating. Using the graph from Experiment 2, determine the centripetal acceleration of a point on the edge of the wheel at 10 seconds, when the angular velocity is approximately 2 rad/s. Use the formula for centripetal acceleration, \( a_c = \omega^2 r \), where \( \omega \) is the angular velocity and \( r \) is the radius of the wheel.","[""A car is moving around a circular track with a radius of 50 meters. If the car completes one full lap in 40 seconds, calculate the centripetal acceleration of the car. Assume the speed is constant throughout the motion."", ""A satellite orbits Earth in a circular path with a radius of 7,000 kilometers. If the satellite completes one orbit in 90 minutes, determine the centripetal acceleration experienced by the satellite. Assume the orbit is perfectly circular."", ""A roller coaster car travels through a vertical loop with a radius of 20 meters. At the top of the loop, the speed of the car is 10 m/s. Calculate the centripetal acceleration at this point and discuss how it compares to the gravitational acceleration.""]",Difficulty: advanced. Use the provided graph (graph_00b1b290.png) and real-world image (foto_with_circles_1753525429.jpg) to construct one centripetal acceleration problem question.,"[""E:\\G-Physolve\\G-Uphysic\\fastapi-gpt\\advance_graph\\graph_00b1b290.png"", ""E:\\G-Physolve\\G-Uphysic\\fastapi-gpt\\image_result\\g6xxWMxAdjgSPrLfNjkh6qBUI8q1\\foto_with_circles_1753525429.jpg""]"
PR-EN-083-co-kg,PR-EN-083-co,en,problem_generating,cot,kg,advanced,"A unicycle wheel with a radius of 0.5 meters is spinning, and its angular velocity is recorded over time as shown in Experiment 2 of the graph. At time t = 10 seconds, the angular velocity is 2 rad/s. Calculate the centripetal acceleration of a point on the edge of the wheel at this time. How would the centripetal acceleration change if the radius of the wheel were doubled while maintaining the same angular velocity?","[""A car is moving around a circular track with a radius of 50 meters. If the car completes one full lap in 40 seconds, calculate the centripetal acceleration of the car. Assume the speed is constant throughout the motion."", ""A satellite orbits Earth in a circular path with a radius of 7,000 kilometers. If the satellite completes one orbit in 90 minutes, determine the centripetal acceleration experienced by the satellite. Assume the orbit is perfectly circular."", ""A roller coaster car travels through a vertical loop with a radius of 20 meters. At the top of the loop, the speed of the car is 10 m/s. Calculate the centripetal acceleration at this point and discuss how it compares to the gravitational acceleration.""]",Difficulty: advanced. Use the provided graph (graph_00b1b290.png) and real-world image (foto_with_circles_1753525429.jpg) to construct one centripetal acceleration problem question.,"[""E:\\G-Physolve\\G-Uphysic\\fastapi-gpt\\advance_graph\\graph_00b1b290.png"", ""E:\\G-Physolve\\G-Uphysic\\fastapi-gpt\\image_result\\g6xxWMxAdjgSPrLfNjkh6qBUI8q1\\foto_with_circles_1753525429.jpg""]"
PR-EN-084-dr-base,PR-EN-084-dr,en,problem_generating,draft_critique_revise,none,advanced,"A unicycle wheel with a radius of 0.5 meters is spinning. Using the graph of angular velocity over time from Experiment 2, determine the maximum centripetal acceleration experienced by a point on the rim of the wheel. Assume the maximum angular velocity occurs at the peak value shown in the graph. Provide your answer in meters per second squared.","[""A car is moving around a circular track with a radius of 50 meters. If the car completes one full lap in 40 seconds, calculate the centripetal acceleration of the car. Assume the speed is constant throughout the motion."", ""A satellite orbits Earth in a circular path with a radius of 7,000 kilometers. If the satellite completes one orbit in 90 minutes, determine the centripetal acceleration experienced by the satellite. Assume the orbit is perfectly circular."", ""A roller coaster car travels through a vertical loop with a radius of 20 meters. At the top of the loop, the speed of the car is 10 m/s. Calculate the centripetal acceleration at this point and discuss how it compares to the gravitational acceleration.""]",Difficulty: advanced. Use the provided graph (graph_00b1b290.png) and real-world image (foto_with_circles_1753525429.jpg) to construct one centripetal acceleration problem question.,"[""E:\\G-Physolve\\G-Uphysic\\fastapi-gpt\\advance_graph\\graph_00b1b290.png"", ""E:\\G-Physolve\\G-Uphysic\\fastapi-gpt\\image_result\\g6xxWMxAdjgSPrLfNjkh6qBUI8q1\\foto_with_circles_1753525429.jpg""]"
PR-EN-084-dr-kg,PR-EN-084-dr,en,problem_generating,draft_critique_revise,kg,advanced,"A unicycle wheel with a radius of 0.5 meters is spinning, and its angular velocity is recorded over time as shown in the graph. During Experiment 2, between 10 and 15 seconds, the angular velocity increases from 2 rad/s to 3 rad/s. Calculate the change in centripetal acceleration of a point on the edge of the wheel during this time interval.","[""A car is moving around a circular track with a radius of 50 meters. If the car completes one full lap in 40 seconds, calculate the centripetal acceleration of the car. Assume the speed is constant throughout the motion."", ""A satellite orbits Earth in a circular path with a radius of 7,000 kilometers. If the satellite completes one orbit in 90 minutes, determine the centripetal acceleration experienced by the satellite. Assume the orbit is perfectly circular."", ""A roller coaster car travels through a vertical loop with a radius of 20 meters. At the top of the loop, the speed of the car is 10 m/s. Calculate the centripetal acceleration at this point and discuss how it compares to the gravitational acceleration.""]",Difficulty: advanced. Use the provided graph (graph_00b1b290.png) and real-world image (foto_with_circles_1753525429.jpg) to construct one centripetal acceleration problem question.,"[""E:\\G-Physolve\\G-Uphysic\\fastapi-gpt\\advance_graph\\graph_00b1b290.png"", ""E:\\G-Physolve\\G-Uphysic\\fastapi-gpt\\image_result\\g6xxWMxAdjgSPrLfNjkh6qBUI8q1\\foto_with_circles_1753525429.jpg""]"
PR-EN-085-ze-base,PR-EN-085-ze,en,problem_generating,zero_shot,none,advanced,"A unicycle wheel with a radius of 0.3 meters is spinning, as shown in the image. Using the graph, determine the centripetal acceleration of the wheel at the time when the angular velocity is steady at 0.5 rad/s during Experiment 1. Assume the wheel maintains this angular velocity for a sufficient duration to achieve a constant centripetal acceleration.","[""A car is moving around a circular track with a radius of 50 meters. If the car completes one full lap in 40 seconds, calculate the centripetal acceleration of the car. Assume the speed is constant throughout the motion."", ""A satellite orbits Earth in a circular path with a radius of 7,000 kilometers. If the satellite completes one orbit in 90 minutes, determine the centripetal acceleration experienced by the satellite. Assume the orbit is perfectly circular."", ""A roller coaster car travels through a vertical loop with a radius of 20 meters. At the top of the loop, the speed of the car is 10 m/s. Calculate the centripetal acceleration at this point and discuss how it compares to the gravitational acceleration.""]",Difficulty: advanced. Use the provided graph (graph_015cef4c.png) and real-world image (foto_with_circles_1753526365.jpg) to construct one centripetal acceleration problem question.,"[""E:\\G-Physolve\\G-Uphysic\\fastapi-gpt\\advance_graph\\graph_015cef4c.png"", ""E:\\G-Physolve\\G-Uphysic\\fastapi-gpt\\image_result\\g6xxWMxAdjgSPrLfNjkh6qBUI8q1\\foto_with_circles_1753526365.jpg""]"
PR-EN-085-ze-kg,PR-EN-085-ze,en,problem_generating,zero_shot,kg,advanced,"A unicycle wheel with a radius of 0.5 meters is spinning at a constant angular velocity as shown in Experiment 1 of the graph. If the wheel's angular velocity is 0.5 rad/s, calculate the centripetal acceleration of a point on the rim of the wheel. Use the graph to determine how the centripetal acceleration would change if the angular velocity increased to 1.0 rad/s, as observed in the initial phase of Experiment 2.","[""A car is moving around a circular track with a radius of 50 meters. If the car completes one full lap in 40 seconds, calculate the centripetal acceleration of the car. Assume the speed is constant throughout the motion."", ""A satellite orbits Earth in a circular path with a radius of 7,000 kilometers. If the satellite completes one orbit in 90 minutes, determine the centripetal acceleration experienced by the satellite. Assume the orbit is perfectly circular."", ""A roller coaster car travels through a vertical loop with a radius of 20 meters. At the top of the loop, the speed of the car is 10 m/s. Calculate the centripetal acceleration at this point and discuss how it compares to the gravitational acceleration.""]",Difficulty: advanced. Use the provided graph (graph_015cef4c.png) and real-world image (foto_with_circles_1753526365.jpg) to construct one centripetal acceleration problem question.,"[""E:\\G-Physolve\\G-Uphysic\\fastapi-gpt\\advance_graph\\graph_015cef4c.png"", ""E:\\G-Physolve\\G-Uphysic\\fastapi-gpt\\image_result\\g6xxWMxAdjgSPrLfNjkh6qBUI8q1\\foto_with_circles_1753526365.jpg""]"
PR-EN-086-fe-base,PR-EN-086-fe,en,problem_generating,few_shot,none,advanced,"A unicycle wheel with a radius of 0.3 m is observed in Experiment 2. During the steady phase (10 to 60 seconds), the angular velocity is approximately 0.5 rad/s. Calculate the centripetal acceleration of a point on the rim of the wheel during this phase.","[""A car is moving around a circular track with a radius of 50 meters. If the car completes one full lap in 40 seconds, calculate the centripetal acceleration of the car. Assume the speed is constant throughout the motion."", ""A satellite orbits Earth in a circular path with a radius of 7,000 kilometers. If the satellite completes one orbit in 90 minutes, determine the centripetal acceleration experienced by the satellite. Assume the orbit is perfectly circular."", ""A roller coaster car travels through a vertical loop with a radius of 20 meters. At the top of the loop, the speed of the car is 10 m/s. Calculate the centripetal acceleration at this point and discuss how it compares to the gravitational acceleration.""]",Difficulty: advanced. Use the provided graph (graph_015cef4c.png) and real-world image (foto_with_circles_1753526365.jpg) to construct one centripetal acceleration problem question.,"[""E:\\G-Physolve\\G-Uphysic\\fastapi-gpt\\advance_graph\\graph_015cef4c.png"", ""E:\\G-Physolve\\G-Uphysic\\fastapi-gpt\\image_result\\g6xxWMxAdjgSPrLfNjkh6qBUI8q1\\foto_with_circles_1753526365.jpg""]"
PR-EN-086-fe-kg,PR-EN-086-fe,en,problem_generating,few_shot,kg,advanced,"A unicycle wheel with a radius of 0.3 m is rotating. Using the graph, determine the centripetal acceleration at the point where the angular velocity is 0.5 rad/s. Consider the tension in the wheel as the centripetal force. How does the centripetal acceleration change if the radius is increased to 0.4 m while maintaining the same angular velocity?","[""A car is moving around a circular track with a radius of 50 meters. If the car completes one full lap in 40 seconds, calculate the centripetal acceleration of the car. Assume the speed is constant throughout the motion."", ""A satellite orbits Earth in a circular path with a radius of 7,000 kilometers. If the satellite completes one orbit in 90 minutes, determine the centripetal acceleration experienced by the satellite. Assume the orbit is perfectly circular."", ""A roller coaster car travels through a vertical loop with a radius of 20 meters. At the top of the loop, the speed of the car is 10 m/s. Calculate the centripetal acceleration at this point and discuss how it compares to the gravitational acceleration.""]",Difficulty: advanced. Use the provided graph (graph_015cef4c.png) and real-world image (foto_with_circles_1753526365.jpg) to construct one centripetal acceleration problem question.,"[""E:\\G-Physolve\\G-Uphysic\\fastapi-gpt\\advance_graph\\graph_015cef4c.png"", ""E:\\G-Physolve\\G-Uphysic\\fastapi-gpt\\image_result\\g6xxWMxAdjgSPrLfNjkh6qBUI8q1\\foto_with_circles_1753526365.jpg""]"
PR-EN-087-co-base,PR-EN-087-co,en,problem_generating,cot,none,advanced,"A unicycle wheel with a radius of 0.3 meters is spinning with an angular velocity as shown in Experiment 1 of the graph. During the steady phase, calculate the centripetal acceleration of a point on the edge of the wheel. Use the angular velocity data from the graph and the radius from the image.","[""A car is moving around a circular track with a radius of 50 meters. If the car completes one full lap in 40 seconds, calculate the centripetal acceleration of the car. Assume the speed is constant throughout the motion."", ""A satellite orbits Earth in a circular path with a radius of 7,000 kilometers. If the satellite completes one orbit in 90 minutes, determine the centripetal acceleration experienced by the satellite. Assume the orbit is perfectly circular."", ""A roller coaster car travels through a vertical loop with a radius of 20 meters. At the top of the loop, the speed of the car is 10 m/s. Calculate the centripetal acceleration at this point and discuss how it compares to the gravitational acceleration.""]",Difficulty: advanced. Use the provided graph (graph_015cef4c.png) and real-world image (foto_with_circles_1753526365.jpg) to construct one centripetal acceleration problem question.,"[""E:\\G-Physolve\\G-Uphysic\\fastapi-gpt\\advance_graph\\graph_015cef4c.png"", ""E:\\G-Physolve\\G-Uphysic\\fastapi-gpt\\image_result\\g6xxWMxAdjgSPrLfNjkh6qBUI8q1\\foto_with_circles_1753526365.jpg""]"
PR-EN-087-co-kg,PR-EN-087-co,en,problem_generating,cot,kg,advanced,"A unicycle wheel of radius 0.5 meters is spinning with an angular velocity as shown in Experiment 1 of the graph. If the wheel maintains this angular velocity, calculate the centripetal acceleration of a point on the rim of the wheel. Use the graph to determine the angular velocity during the steady phase and apply it to find the centripetal acceleration.","[""A car is moving around a circular track with a radius of 50 meters. If the car completes one full lap in 40 seconds, calculate the centripetal acceleration of the car. Assume the speed is constant throughout the motion."", ""A satellite orbits Earth in a circular path with a radius of 7,000 kilometers. If the satellite completes one orbit in 90 minutes, determine the centripetal acceleration experienced by the satellite. Assume the orbit is perfectly circular."", ""A roller coaster car travels through a vertical loop with a radius of 20 meters. At the top of the loop, the speed of the car is 10 m/s. Calculate the centripetal acceleration at this point and discuss how it compares to the gravitational acceleration.""]",Difficulty: advanced. Use the provided graph (graph_015cef4c.png) and real-world image (foto_with_circles_1753526365.jpg) to construct one centripetal acceleration problem question.,"[""E:\\G-Physolve\\G-Uphysic\\fastapi-gpt\\advance_graph\\graph_015cef4c.png"", ""E:\\G-Physolve\\G-Uphysic\\fastapi-gpt\\image_result\\g6xxWMxAdjgSPrLfNjkh6qBUI8q1\\foto_with_circles_1753526365.jpg""]"
PR-EN-088-dr-base,PR-EN-088-dr,en,problem_generating,draft_critique_revise,none,advanced,"A unicycle wheel with a radius of 0.3 meters is spinning with an angular velocity as shown in Experiment 1 of the graph. During the steady phase from 10 to 60 seconds, calculate the centripetal acceleration of a point on the edge of the wheel. Use the angular velocity data from the graph and the radius from the image.","[""A car is moving around a circular track with a radius of 50 meters. If the car completes one full lap in 40 seconds, calculate the centripetal acceleration of the car. Assume the speed is constant throughout the motion."", ""A satellite orbits Earth in a circular path with a radius of 7,000 kilometers. If the satellite completes one orbit in 90 minutes, determine the centripetal acceleration experienced by the satellite. Assume the orbit is perfectly circular."", ""A roller coaster car travels through a vertical loop with a radius of 20 meters. At the top of the loop, the speed of the car is 10 m/s. Calculate the centripetal acceleration at this point and discuss how it compares to the gravitational acceleration.""]",Difficulty: advanced. Use the provided graph (graph_015cef4c.png) and real-world image (foto_with_circles_1753526365.jpg) to construct one centripetal acceleration problem question.,"[""E:\\G-Physolve\\G-Uphysic\\fastapi-gpt\\advance_graph\\graph_015cef4c.png"", ""E:\\G-Physolve\\G-Uphysic\\fastapi-gpt\\image_result\\g6xxWMxAdjgSPrLfNjkh6qBUI8q1\\foto_with_circles_1753526365.jpg""]"
PR-EN-088-dr-kg,PR-EN-088-dr,en,problem_generating,draft_critique_revise,kg,advanced,"A unicycle wheel with a radius of 0.5 meters is spinning at a constant angular velocity as shown in Experiment 1 of the graph. If the angular velocity is 0.5 rad/s, calculate the centripetal acceleration of a point on the edge of the wheel. Use the image to identify the radius and apply the graph data for angular velocity.","[""A car is moving around a circular track with a radius of 50 meters. If the car completes one full lap in 40 seconds, calculate the centripetal acceleration of the car. Assume the speed is constant throughout the motion."", ""A satellite orbits Earth in a circular path with a radius of 7,000 kilometers. If the satellite completes one orbit in 90 minutes, determine the centripetal acceleration experienced by the satellite. Assume the orbit is perfectly circular."", ""A roller coaster car travels through a vertical loop with a radius of 20 meters. At the top of the loop, the speed of the car is 10 m/s. Calculate the centripetal acceleration at this point and discuss how it compares to the gravitational acceleration.""]",Difficulty: advanced. Use the provided graph (graph_015cef4c.png) and real-world image (foto_with_circles_1753526365.jpg) to construct one centripetal acceleration problem question.,"[""E:\\G-Physolve\\G-Uphysic\\fastapi-gpt\\advance_graph\\graph_015cef4c.png"", ""E:\\G-Physolve\\G-Uphysic\\fastapi-gpt\\image_result\\g6xxWMxAdjgSPrLfNjkh6qBUI8q1\\foto_with_circles_1753526365.jpg""]"
PR-EN-089-ze-base,PR-EN-089-ze,en,problem_generating,zero_shot,none,advanced,"In the graph provided, Experiment 1 shows a steady increase in centripetal acceleration from 5 to 15 seconds, reaching a peak of approximately 16 m/s². Considering the real-world image of a laptop with a circular sticker on its lid, assume the sticker is rotating at a constant speed. If the radius of the sticker is 0.1 meters, calculate the angular velocity of the sticker when the centripetal acceleration is at its peak during Experiment 1.","[""A car is moving around a circular track with a radius of 50 meters. If the car completes one full lap in 40 seconds, calculate the centripetal acceleration of the car. Assume the speed is constant throughout the motion."", ""A satellite orbits Earth in a circular path with a radius of 7,000 kilometers. If the satellite completes one orbit in 90 minutes, determine the centripetal acceleration experienced by the satellite. Assume the orbit is perfectly circular."", ""A roller coaster car travels through a vertical loop with a radius of 20 meters. At the top of the loop, the speed of the car is 10 m/s. Calculate the centripetal acceleration at this point and discuss how it compares to the gravitational acceleration.""]",Difficulty: advanced. Use the provided graph (graph_01dc389f.png) and real-world image (foto_with_circles_1753537958.jpg) to construct one centripetal acceleration problem question.,"[""E:\\G-Physolve\\G-Uphysic\\fastapi-gpt\\advance_graph\\graph_01dc389f.png"", ""E:\\G-Physolve\\G-Uphysic\\fastapi-gpt\\image_result\\g6xxWMxAdjgSPrLfNjkh6qBUI8q1\\foto_with_circles_1753537958.jpg""]"
PR-EN-089-ze-kg,PR-EN-089-ze,en,problem_generating,zero_shot,kg,advanced,"A ball is attached to a string and swung in a horizontal circle, as shown in the image. Using the graph, which shows centripetal acceleration versus time for two experiments, determine the time interval during which the ball experiences the highest centripetal acceleration in Experiment 2. Explain how the radius of the circle affects the centripetal acceleration, assuming the angular velocity remains constant.","[""A car is moving around a circular track with a radius of 50 meters. If the car completes one full lap in 40 seconds, calculate the centripetal acceleration of the car. Assume the speed is constant throughout the motion."", ""A satellite orbits Earth in a circular path with a radius of 7,000 kilometers. If the satellite completes one orbit in 90 minutes, determine the centripetal acceleration experienced by the satellite. Assume the orbit is perfectly circular."", ""A roller coaster car travels through a vertical loop with a radius of 20 meters. At the top of the loop, the speed of the car is 10 m/s. Calculate the centripetal acceleration at this point and discuss how it compares to the gravitational acceleration.""]",Difficulty: advanced. Use the provided graph (graph_01dc389f.png) and real-world image (foto_with_circles_1753537958.jpg) to construct one centripetal acceleration problem question.,"[""E:\\G-Physolve\\G-Uphysic\\fastapi-gpt\\advance_graph\\graph_01dc389f.png"", ""E:\\G-Physolve\\G-Uphysic\\fastapi-gpt\\image_result\\g6xxWMxAdjgSPrLfNjkh6qBUI8q1\\foto_with_circles_1753537958.jpg""]"
PR-EN-090-fe-base,PR-EN-090-fe,en,problem_generating,few_shot,none,advanced,"In Experiment 1, the centripetal acceleration reaches a peak at 20 m/s². If the laptop screen in the image rotates with a radius of 0.15 m, calculate the angular velocity at this peak acceleration. Assume the laptop screen rotates in a circular path.","[""A car is moving around a circular track with a radius of 50 meters. If the car completes one full lap in 40 seconds, calculate the centripetal acceleration of the car. Assume the speed is constant throughout the motion."", ""A satellite orbits Earth in a circular path with a radius of 7,000 kilometers. If the satellite completes one orbit in 90 minutes, determine the centripetal acceleration experienced by the satellite. Assume the orbit is perfectly circular."", ""A roller coaster car travels through a vertical loop with a radius of 20 meters. At the top of the loop, the speed of the car is 10 m/s. Calculate the centripetal acceleration at this point and discuss how it compares to the gravitational acceleration.""]",Difficulty: advanced. Use the provided graph (graph_01dc389f.png) and real-world image (foto_with_circles_1753537958.jpg) to construct one centripetal acceleration problem question.,"[""E:\\G-Physolve\\G-Uphysic\\fastapi-gpt\\advance_graph\\graph_01dc389f.png"", ""E:\\G-Physolve\\G-Uphysic\\fastapi-gpt\\image_result\\g6xxWMxAdjgSPrLfNjkh6qBUI8q1\\foto_with_circles_1753537958.jpg""]"
PR-EN-090-fe-kg,PR-EN-090-fe,en,problem_generating,few_shot,kg,advanced,"In Experiment 1 from the graph, the centripetal acceleration increases to 15 m/s² at 10 seconds. If this acceleration is due to a ball being swung on a string, and the radius of the circle is 0.5 meters, calculate the angular velocity of the ball at this time. Assume the tension in the string provides the necessary centripetal force.","[""A car is moving around a circular track with a radius of 50 meters. If the car completes one full lap in 40 seconds, calculate the centripetal acceleration of the car. Assume the speed is constant throughout the motion."", ""A satellite orbits Earth in a circular path with a radius of 7,000 kilometers. If the satellite completes one orbit in 90 minutes, determine the centripetal acceleration experienced by the satellite. Assume the orbit is perfectly circular."", ""A roller coaster car travels through a vertical loop with a radius of 20 meters. At the top of the loop, the speed of the car is 10 m/s. Calculate the centripetal acceleration at this point and discuss how it compares to the gravitational acceleration.""]",Difficulty: advanced. Use the provided graph (graph_01dc389f.png) and real-world image (foto_with_circles_1753537958.jpg) to construct one centripetal acceleration problem question.,"[""E:\\G-Physolve\\G-Uphysic\\fastapi-gpt\\advance_graph\\graph_01dc389f.png"", ""E:\\G-Physolve\\G-Uphysic\\fastapi-gpt\\image_result\\g6xxWMxAdjgSPrLfNjkh6qBUI8q1\\foto_with_circles_1753537958.jpg""]"
PR-EN-091-co-base,PR-EN-091-co,en,problem_generating,cot,none,advanced,"In Experiment 1, the centripetal acceleration increases steadily from 0 to 15 m/s² between 5 and 10 seconds. If the laptop in the image is rotating on a circular path with a radius of 2 meters during this time, calculate the change in the tangential velocity of the laptop from 5 to 10 seconds.","[""A car is moving around a circular track with a radius of 50 meters. If the car completes one full lap in 40 seconds, calculate the centripetal acceleration of the car. Assume the speed is constant throughout the motion."", ""A satellite orbits Earth in a circular path with a radius of 7,000 kilometers. If the satellite completes one orbit in 90 minutes, determine the centripetal acceleration experienced by the satellite. Assume the orbit is perfectly circular."", ""A roller coaster car travels through a vertical loop with a radius of 20 meters. At the top of the loop, the speed of the car is 10 m/s. Calculate the centripetal acceleration at this point and discuss how it compares to the gravitational acceleration.""]",Difficulty: advanced. Use the provided graph (graph_01dc389f.png) and real-world image (foto_with_circles_1753537958.jpg) to construct one centripetal acceleration problem question.,"[""E:\\G-Physolve\\G-Uphysic\\fastapi-gpt\\advance_graph\\graph_01dc389f.png"", ""E:\\G-Physolve\\G-Uphysic\\fastapi-gpt\\image_result\\g6xxWMxAdjgSPrLfNjkh6qBUI8q1\\foto_with_circles_1753537958.jpg""]"
PR-EN-091-co-kg,PR-EN-091-co,en,problem_generating,cot,kg,advanced,"A ball is attached to a string and swung in a horizontal circle. Using the graph of centripetal acceleration versus time, determine the time intervals during which the centripetal acceleration is increasing. If the radius of the circle is doubled during one of these intervals, how does this affect the centripetal acceleration, assuming the angular velocity remains constant? Use the graph to support your answer.","[""A car is moving around a circular track with a radius of 50 meters. If the car completes one full lap in 40 seconds, calculate the centripetal acceleration of the car. Assume the speed is constant throughout the motion."", ""A satellite orbits Earth in a circular path with a radius of 7,000 kilometers. If the satellite completes one orbit in 90 minutes, determine the centripetal acceleration experienced by the satellite. Assume the orbit is perfectly circular."", ""A roller coaster car travels through a vertical loop with a radius of 20 meters. At the top of the loop, the speed of the car is 10 m/s. Calculate the centripetal acceleration at this point and discuss how it compares to the gravitational acceleration.""]",Difficulty: advanced. Use the provided graph (graph_01dc389f.png) and real-world image (foto_with_circles_1753537958.jpg) to construct one centripetal acceleration problem question.,"[""E:\\G-Physolve\\G-Uphysic\\fastapi-gpt\\advance_graph\\graph_01dc389f.png"", ""E:\\G-Physolve\\G-Uphysic\\fastapi-gpt\\image_result\\g6xxWMxAdjgSPrLfNjkh6qBUI8q1\\foto_with_circles_1753537958.jpg""]"
PR-EN-092-dr-base,PR-EN-092-dr,en,problem_generating,draft_critique_revise,none,advanced,"A laptop is placed on a rotating platform, as shown in the image. During Experiment 1, the centripetal acceleration graph shows a steady increase from 0 to 15 m/s² over the first 10 seconds. If the radius of the platform is 0.5 meters, calculate the angular velocity of the platform at 10 seconds. Assume uniform circular motion during this period.","[""A car is moving around a circular track with a radius of 50 meters. If the car completes one full lap in 40 seconds, calculate the centripetal acceleration of the car. Assume the speed is constant throughout the motion."", ""A satellite orbits Earth in a circular path with a radius of 7,000 kilometers. If the satellite completes one orbit in 90 minutes, determine the centripetal acceleration experienced by the satellite. Assume the orbit is perfectly circular."", ""A roller coaster car travels through a vertical loop with a radius of 20 meters. At the top of the loop, the speed of the car is 10 m/s. Calculate the centripetal acceleration at this point and discuss how it compares to the gravitational acceleration.""]",Difficulty: advanced. Use the provided graph (graph_01dc389f.png) and real-world image (foto_with_circles_1753537958.jpg) to construct one centripetal acceleration problem question.,"[""E:\\G-Physolve\\G-Uphysic\\fastapi-gpt\\advance_graph\\graph_01dc389f.png"", ""E:\\G-Physolve\\G-Uphysic\\fastapi-gpt\\image_result\\g6xxWMxAdjgSPrLfNjkh6qBUI8q1\\foto_with_circles_1753537958.jpg""]"
PR-EN-092-dr-kg,PR-EN-092-dr,en,problem_generating,draft_critique_revise,kg,advanced,"In a physics experiment, a ball is attached to a string and swung in a horizontal circle, as shown in the image. The graph displays the centripetal acceleration of the ball over time for two different experiments. If the radius of the circle is doubled in Experiment 2 compared to Experiment 1, analyze how the centripetal acceleration changes over time and explain the observed differences using the graph data. Assume the angular velocity remains constant in both experiments.","[""A car is moving around a circular track with a radius of 50 meters. If the car completes one full lap in 40 seconds, calculate the centripetal acceleration of the car. Assume the speed is constant throughout the motion."", ""A satellite orbits Earth in a circular path with a radius of 7,000 kilometers. If the satellite completes one orbit in 90 minutes, determine the centripetal acceleration experienced by the satellite. Assume the orbit is perfectly circular."", ""A roller coaster car travels through a vertical loop with a radius of 20 meters. At the top of the loop, the speed of the car is 10 m/s. Calculate the centripetal acceleration at this point and discuss how it compares to the gravitational acceleration.""]",Difficulty: advanced. Use the provided graph (graph_01dc389f.png) and real-world image (foto_with_circles_1753537958.jpg) to construct one centripetal acceleration problem question.,"[""E:\\G-Physolve\\G-Uphysic\\fastapi-gpt\\advance_graph\\graph_01dc389f.png"", ""E:\\G-Physolve\\G-Uphysic\\fastapi-gpt\\image_result\\g6xxWMxAdjgSPrLfNjkh6qBUI8q1\\foto_with_circles_1753537958.jpg""]"
PR-EN-093-ze-base,PR-EN-093-ze,en,problem_generating,zero_shot,none,advanced,"A unicycle wheel with a radius of 0.5 meters is spinning as shown in the image. Using the graph of angular velocity over time, determine the centripetal acceleration of a point on the edge of the wheel at t = 3 seconds during Experiment 1. Assume the angular velocity at this time is 1.5 rad/s. Provide your answer in m/s².","[""A car is moving around a circular track with a radius of 50 meters. If the car completes one full lap in 40 seconds, calculate the centripetal acceleration of the car. Assume the speed is constant throughout the motion."", ""A satellite orbits Earth in a circular path with a radius of 7,000 kilometers. If the satellite completes one orbit in 90 minutes, determine the centripetal acceleration experienced by the satellite. Assume the orbit is perfectly circular."", ""A roller coaster car travels through a vertical loop with a radius of 20 meters. At the top of the loop, the speed of the car is 10 m/s. Calculate the centripetal acceleration at this point and discuss how it compares to the gravitational acceleration.""]",Difficulty: advanced. Use the provided graph (graph_02ce992e.png) and real-world image (foto_with_circles_1753577574.jpg) to construct one centripetal acceleration problem question.,"[""E:\\G-Physolve\\G-Uphysic\\fastapi-gpt\\advance_graph\\graph_02ce992e.png"", ""E:\\G-Physolve\\G-Uphysic\\fastapi-gpt\\image_result\\g6xxWMxAdjgSPrLfNjkh6qBUI8q1\\foto_with_circles_1753577574.jpg""]"
PR-EN-093-ze-kg,PR-EN-093-ze,en,problem_generating,zero_shot,kg,advanced,"A unicycle wheel with a radius of 0.5 meters is spinning, and the angular velocity changes as shown in Experiment 1 of the graph. Calculate the centripetal acceleration of a point on the edge of the wheel at 4 seconds, and explain how the change in angular velocity affects the centripetal acceleration.","[""A car is moving around a circular track with a radius of 50 meters. If the car completes one full lap in 40 seconds, calculate the centripetal acceleration of the car. Assume the speed is constant throughout the motion."", ""A satellite orbits Earth in a circular path with a radius of 7,000 kilometers. If the satellite completes one orbit in 90 minutes, determine the centripetal acceleration experienced by the satellite. Assume the orbit is perfectly circular."", ""A roller coaster car travels through a vertical loop with a radius of 20 meters. At the top of the loop, the speed of the car is 10 m/s. Calculate the centripetal acceleration at this point and discuss how it compares to the gravitational acceleration.""]",Difficulty: advanced. Use the provided graph (graph_02ce992e.png) and real-world image (foto_with_circles_1753577574.jpg) to construct one centripetal acceleration problem question.,"[""E:\\G-Physolve\\G-Uphysic\\fastapi-gpt\\advance_graph\\graph_02ce992e.png"", ""E:\\G-Physolve\\G-Uphysic\\fastapi-gpt\\image_result\\g6xxWMxAdjgSPrLfNjkh6qBUI8q1\\foto_with_circles_1753577574.jpg""]"
PR-EN-094-fe-base,PR-EN-094-fe,en,problem_generating,few_shot,none,advanced,"A unicycle wheel with a radius of 0.5 m is observed in Experiment 1. Using the graph, determine the maximum centripetal acceleration experienced by the wheel during the time intervals where the angular velocity is increasing. Assume the wheel's angular velocity follows the pattern shown in the graph.","[""A car is moving around a circular track with a radius of 50 meters. If the car completes one full lap in 40 seconds, calculate the centripetal acceleration of the car. Assume the speed is constant throughout the motion."", ""A satellite orbits Earth in a circular path with a radius of 7,000 kilometers. If the satellite completes one orbit in 90 minutes, determine the centripetal acceleration experienced by the satellite. Assume the orbit is perfectly circular."", ""A roller coaster car travels through a vertical loop with a radius of 20 meters. At the top of the loop, the speed of the car is 10 m/s. Calculate the centripetal acceleration at this point and discuss how it compares to the gravitational acceleration.""]",Difficulty: advanced. Use the provided graph (graph_02ce992e.png) and real-world image (foto_with_circles_1753577574.jpg) to construct one centripetal acceleration problem question.,"[""E:\\G-Physolve\\G-Uphysic\\fastapi-gpt\\advance_graph\\graph_02ce992e.png"", ""E:\\G-Physolve\\G-Uphysic\\fastapi-gpt\\image_result\\g6xxWMxAdjgSPrLfNjkh6qBUI8q1\\foto_with_circles_1753577574.jpg""]"
PR-EN-094-fe-kg,PR-EN-094-fe,en,problem_generating,few_shot,kg,advanced,"A unicycle wheel of radius 0.5 m is spinning with an angular velocity that changes as shown in Experiment 1 of the graph. Calculate the centripetal acceleration at 4 seconds and 8 seconds, and discuss how the change in angular velocity affects the centripetal acceleration.","[""A car is moving around a circular track with a radius of 50 meters. If the car completes one full lap in 40 seconds, calculate the centripetal acceleration of the car. Assume the speed is constant throughout the motion."", ""A satellite orbits Earth in a circular path with a radius of 7,000 kilometers. If the satellite completes one orbit in 90 minutes, determine the centripetal acceleration experienced by the satellite. Assume the orbit is perfectly circular."", ""A roller coaster car travels through a vertical loop with a radius of 20 meters. At the top of the loop, the speed of the car is 10 m/s. Calculate the centripetal acceleration at this point and discuss how it compares to the gravitational acceleration.""]",Difficulty: advanced. Use the provided graph (graph_02ce992e.png) and real-world image (foto_with_circles_1753577574.jpg) to construct one centripetal acceleration problem question.,"[""E:\\G-Physolve\\G-Uphysic\\fastapi-gpt\\advance_graph\\graph_02ce992e.png"", ""E:\\G-Physolve\\G-Uphysic\\fastapi-gpt\\image_result\\g6xxWMxAdjgSPrLfNjkh6qBUI8q1\\foto_with_circles_1753577574.jpg""]"
PR-EN-095-co-base,PR-EN-095-co,en,problem_generating,cot,none,advanced,A unicycle wheel with a radius of 0.5 meters is spinning with an angular velocity as shown in Experiment 1 of the graph. Calculate the centripetal acceleration of a point on the edge of the wheel at t = 4 seconds. Use the angular velocity at this time from the graph.,"[""A car is moving around a circular track with a radius of 50 meters. If the car completes one full lap in 40 seconds, calculate the centripetal acceleration of the car. Assume the speed is constant throughout the motion."", ""A satellite orbits Earth in a circular path with a radius of 7,000 kilometers. If the satellite completes one orbit in 90 minutes, determine the centripetal acceleration experienced by the satellite. Assume the orbit is perfectly circular."", ""A roller coaster car travels through a vertical loop with a radius of 20 meters. At the top of the loop, the speed of the car is 10 m/s. Calculate the centripetal acceleration at this point and discuss how it compares to the gravitational acceleration.""]",Difficulty: advanced. Use the provided graph (graph_02ce992e.png) and real-world image (foto_with_circles_1753577574.jpg) to construct one centripetal acceleration problem question.,"[""E:\\G-Physolve\\G-Uphysic\\fastapi-gpt\\advance_graph\\graph_02ce992e.png"", ""E:\\G-Physolve\\G-Uphysic\\fastapi-gpt\\image_result\\g6xxWMxAdjgSPrLfNjkh6qBUI8q1\\foto_with_circles_1753577574.jpg""]"
PR-EN-095-co-kg,PR-EN-095-co,en,problem_generating,cot,kg,advanced,"A unicycle wheel of radius 0.5 meters is rotating with an angular velocity that changes over time as shown in Experiment 1 of the graph. At time t = 4 seconds, the angular velocity is 1.5 rad/s. Calculate the centripetal acceleration of a point on the edge of the wheel at this time. Use the relationship between angular velocity and centripetal acceleration to solve the problem.","[""A car is moving around a circular track with a radius of 50 meters. If the car completes one full lap in 40 seconds, calculate the centripetal acceleration of the car. Assume the speed is constant throughout the motion."", ""A satellite orbits Earth in a circular path with a radius of 7,000 kilometers. If the satellite completes one orbit in 90 minutes, determine the centripetal acceleration experienced by the satellite. Assume the orbit is perfectly circular."", ""A roller coaster car travels through a vertical loop with a radius of 20 meters. At the top of the loop, the speed of the car is 10 m/s. Calculate the centripetal acceleration at this point and discuss how it compares to the gravitational acceleration.""]",Difficulty: advanced. Use the provided graph (graph_02ce992e.png) and real-world image (foto_with_circles_1753577574.jpg) to construct one centripetal acceleration problem question.,"[""E:\\G-Physolve\\G-Uphysic\\fastapi-gpt\\advance_graph\\graph_02ce992e.png"", ""E:\\G-Physolve\\G-Uphysic\\fastapi-gpt\\image_result\\g6xxWMxAdjgSPrLfNjkh6qBUI8q1\\foto_with_circles_1753577574.jpg""]"
PR-EN-096-dr-base,PR-EN-096-dr,en,problem_generating,draft_critique_revise,none,advanced,A unicycle wheel with a radius of 0.5 meters is spinning with an angular velocity as shown in Experiment 1 of the graph. Calculate the centripetal acceleration of a point on the edge of the wheel at t = 4 seconds. Use the information from the graph to determine the angular velocity at this time.,"[""A car is moving around a circular track with a radius of 50 meters. If the car completes one full lap in 40 seconds, calculate the centripetal acceleration of the car. Assume the speed is constant throughout the motion."", ""A satellite orbits Earth in a circular path with a radius of 7,000 kilometers. If the satellite completes one orbit in 90 minutes, determine the centripetal acceleration experienced by the satellite. Assume the orbit is perfectly circular."", ""A roller coaster car travels through a vertical loop with a radius of 20 meters. At the top of the loop, the speed of the car is 10 m/s. Calculate the centripetal acceleration at this point and discuss how it compares to the gravitational acceleration.""]",Difficulty: advanced. Use the provided graph (graph_02ce992e.png) and real-world image (foto_with_circles_1753577574.jpg) to construct one centripetal acceleration problem question.,"[""E:\\G-Physolve\\G-Uphysic\\fastapi-gpt\\advance_graph\\graph_02ce992e.png"", ""E:\\G-Physolve\\G-Uphysic\\fastapi-gpt\\image_result\\g6xxWMxAdjgSPrLfNjkh6qBUI8q1\\foto_with_circles_1753577574.jpg""]"
PR-EN-096-dr-kg,PR-EN-096-dr,en,problem_generating,draft_critique_revise,kg,advanced,"A unicycle wheel with a radius of 0.5 meters is spinning, as shown in the image. Using the graph, determine the centripetal acceleration of a point on the edge of the wheel at 3 seconds during Experiment 1. Assume the angular velocity at this time is 1.5 rad/s. Calculate the centripetal acceleration and explain how changes in angular velocity affect it, referencing the graph.","[""A car is moving around a circular track with a radius of 50 meters. If the car completes one full lap in 40 seconds, calculate the centripetal acceleration of the car. Assume the speed is constant throughout the motion."", ""A satellite orbits Earth in a circular path with a radius of 7,000 kilometers. If the satellite completes one orbit in 90 minutes, determine the centripetal acceleration experienced by the satellite. Assume the orbit is perfectly circular."", ""A roller coaster car travels through a vertical loop with a radius of 20 meters. At the top of the loop, the speed of the car is 10 m/s. Calculate the centripetal acceleration at this point and discuss how it compares to the gravitational acceleration.""]",Difficulty: advanced. Use the provided graph (graph_02ce992e.png) and real-world image (foto_with_circles_1753577574.jpg) to construct one centripetal acceleration problem question.,"[""E:\\G-Physolve\\G-Uphysic\\fastapi-gpt\\advance_graph\\graph_02ce992e.png"", ""E:\\G-Physolve\\G-Uphysic\\fastapi-gpt\\image_result\\g6xxWMxAdjgSPrLfNjkh6qBUI8q1\\foto_with_circles_1753577574.jpg""]"
PR-EN-097-ze-base,PR-EN-097-ze,en,problem_generating,zero_shot,none,advanced,"A bicycle wheel with a radius of 0.3 meters is rotating, as shown in the image. During Experiment 1, the centripetal acceleration of the wheel increases from 1 m/s² to 2 m/s² between 10 and 15 seconds. Calculate the change in angular velocity of the wheel during this time period.","[""A car is moving around a circular track with a radius of 50 meters. If the car completes one full lap in 40 seconds, calculate the centripetal acceleration of the car. Assume the speed is constant throughout the motion."", ""A satellite orbits Earth in a circular path with a radius of 7,000 kilometers. If the satellite completes one orbit in 90 minutes, determine the centripetal acceleration experienced by the satellite. Assume the orbit is perfectly circular."", ""A roller coaster car travels through a vertical loop with a radius of 20 meters. At the top of the loop, the speed of the car is 10 m/s. Calculate the centripetal acceleration at this point and discuss how it compares to the gravitational acceleration.""]",Difficulty: advanced. Use the provided graph (graph_03059250.png) and real-world image (foto_with_circles_1753579287.jpg) to construct one centripetal acceleration problem question.,"[""E:\\G-Physolve\\G-Uphysic\\fastapi-gpt\\advance_graph\\graph_03059250.png"", ""E:\\G-Physolve\\G-Uphysic\\fastapi-gpt\\image_result\\g6xxWMxAdjgSPrLfNjkh6qBUI8q1\\foto_with_circles_1753579287.jpg""]"
PR-EN-097-ze-kg,PR-EN-097-ze,en,problem_generating,zero_shot,kg,advanced,"A bicycle wheel of radius 0.3 meters is spinning with an angular velocity that changes over time. Using the graph of centripetal acceleration versus time, determine the angular velocity of the wheel at 10 seconds during Experiment 1. Assume the centripetal acceleration at this time is 2 m/s². What is the linear speed of a point on the edge of the wheel at this moment?","[""A car is moving around a circular track with a radius of 50 meters. If the car completes one full lap in 40 seconds, calculate the centripetal acceleration of the car. Assume the speed is constant throughout the motion."", ""A satellite orbits Earth in a circular path with a radius of 7,000 kilometers. If the satellite completes one orbit in 90 minutes, determine the centripetal acceleration experienced by the satellite. Assume the orbit is perfectly circular."", ""A roller coaster car travels through a vertical loop with a radius of 20 meters. At the top of the loop, the speed of the car is 10 m/s. Calculate the centripetal acceleration at this point and discuss how it compares to the gravitational acceleration.""]",Difficulty: advanced. Use the provided graph (graph_03059250.png) and real-world image (foto_with_circles_1753579287.jpg) to construct one centripetal acceleration problem question.,"[""E:\\G-Physolve\\G-Uphysic\\fastapi-gpt\\advance_graph\\graph_03059250.png"", ""E:\\G-Physolve\\G-Uphysic\\fastapi-gpt\\image_result\\g6xxWMxAdjgSPrLfNjkh6qBUI8q1\\foto_with_circles_1753579287.jpg""]"
PR-EN-098-fe-base,PR-EN-098-fe,en,problem_generating,few_shot,none,advanced,"A bicycle wheel with a radius of 0.35 m is observed during Experiment 1. At 15 seconds, the centripetal acceleration is recorded as 2 m/s². Calculate the angular velocity of the wheel at this time, and determine how this compares to the angular velocity at 25 seconds when the centripetal acceleration is 3 m/s².","[""A car is moving around a circular track with a radius of 50 meters. If the car completes one full lap in 40 seconds, calculate the centripetal acceleration of the car. Assume the speed is constant throughout the motion."", ""A satellite orbits Earth in a circular path with a radius of 7,000 kilometers. If the satellite completes one orbit in 90 minutes, determine the centripetal acceleration experienced by the satellite. Assume the orbit is perfectly circular."", ""A roller coaster car travels through a vertical loop with a radius of 20 meters. At the top of the loop, the speed of the car is 10 m/s. Calculate the centripetal acceleration at this point and discuss how it compares to the gravitational acceleration.""]",Difficulty: advanced. Use the provided graph (graph_03059250.png) and real-world image (foto_with_circles_1753579287.jpg) to construct one centripetal acceleration problem question.,"[""E:\\G-Physolve\\G-Uphysic\\fastapi-gpt\\advance_graph\\graph_03059250.png"", ""E:\\G-Physolve\\G-Uphysic\\fastapi-gpt\\image_result\\g6xxWMxAdjgSPrLfNjkh6qBUI8q1\\foto_with_circles_1753579287.jpg""]"
PR-EN-098-fe-kg,PR-EN-098-fe,en,problem_generating,few_shot,kg,advanced,"A bicycle wheel of radius 0.35 m is rotating such that its centripetal acceleration changes over time as shown in Experiment 1 of the graph. If the wheel's angular velocity is constant during the 'steady' phase, calculate the angular velocity and the tension in the string if the wheel is modeled as a ball on a string with mass 0.5 kg. Assume the 'steady' phase occurs between 10 and 15 seconds.","[""A car is moving around a circular track with a radius of 50 meters. If the car completes one full lap in 40 seconds, calculate the centripetal acceleration of the car. Assume the speed is constant throughout the motion."", ""A satellite orbits Earth in a circular path with a radius of 7,000 kilometers. If the satellite completes one orbit in 90 minutes, determine the centripetal acceleration experienced by the satellite. Assume the orbit is perfectly circular."", ""A roller coaster car travels through a vertical loop with a radius of 20 meters. At the top of the loop, the speed of the car is 10 m/s. Calculate the centripetal acceleration at this point and discuss how it compares to the gravitational acceleration.""]",Difficulty: advanced. Use the provided graph (graph_03059250.png) and real-world image (foto_with_circles_1753579287.jpg) to construct one centripetal acceleration problem question.,"[""E:\\G-Physolve\\G-Uphysic\\fastapi-gpt\\advance_graph\\graph_03059250.png"", ""E:\\G-Physolve\\G-Uphysic\\fastapi-gpt\\image_result\\g6xxWMxAdjgSPrLfNjkh6qBUI8q1\\foto_with_circles_1753579287.jpg""]"
PR-EN-099-co-base,PR-EN-099-co,en,problem_generating,cot,none,advanced,"A bicycle wheel with a radius of 0.3 meters is rotating, as shown in the image. Using the graph, determine the centripetal acceleration of the wheel at 10 seconds during Experiment 1. If the wheel's angular velocity is 5 rad/s at this time, calculate the linear velocity of a point on the rim of the wheel. Assume the centripetal acceleration is constant during this phase.","[""A car is moving around a circular track with a radius of 50 meters. If the car completes one full lap in 40 seconds, calculate the centripetal acceleration of the car. Assume the speed is constant throughout the motion."", ""A satellite orbits Earth in a circular path with a radius of 7,000 kilometers. If the satellite completes one orbit in 90 minutes, determine the centripetal acceleration experienced by the satellite. Assume the orbit is perfectly circular."", ""A roller coaster car travels through a vertical loop with a radius of 20 meters. At the top of the loop, the speed of the car is 10 m/s. Calculate the centripetal acceleration at this point and discuss how it compares to the gravitational acceleration.""]",Difficulty: advanced. Use the provided graph (graph_03059250.png) and real-world image (foto_with_circles_1753579287.jpg) to construct one centripetal acceleration problem question.,"[""E:\\G-Physolve\\G-Uphysic\\fastapi-gpt\\advance_graph\\graph_03059250.png"", ""E:\\G-Physolve\\G-Uphysic\\fastapi-gpt\\image_result\\g6xxWMxAdjgSPrLfNjkh6qBUI8q1\\foto_with_circles_1753579287.jpg""]"
PR-EN-099-co-kg,PR-EN-099-co,en,problem_generating,cot,kg,advanced,"A bicycle wheel of radius 0.3 meters is spinning with a constant angular velocity. Using the graph, determine the centripetal acceleration of a point on the edge of the wheel at 10 seconds during Experiment 1. Assume the angular velocity corresponds to a centripetal acceleration of 2 m/s² at 10 seconds. Calculate the linear speed of the point on the edge of the wheel.","[""A car is moving around a circular track with a radius of 50 meters. If the car completes one full lap in 40 seconds, calculate the centripetal acceleration of the car. Assume the speed is constant throughout the motion."", ""A satellite orbits Earth in a circular path with a radius of 7,000 kilometers. If the satellite completes one orbit in 90 minutes, determine the centripetal acceleration experienced by the satellite. Assume the orbit is perfectly circular."", ""A roller coaster car travels through a vertical loop with a radius of 20 meters. At the top of the loop, the speed of the car is 10 m/s. Calculate the centripetal acceleration at this point and discuss how it compares to the gravitational acceleration.""]",Difficulty: advanced. Use the provided graph (graph_03059250.png) and real-world image (foto_with_circles_1753579287.jpg) to construct one centripetal acceleration problem question.,"[""E:\\G-Physolve\\G-Uphysic\\fastapi-gpt\\advance_graph\\graph_03059250.png"", ""E:\\G-Physolve\\G-Uphysic\\fastapi-gpt\\image_result\\g6xxWMxAdjgSPrLfNjkh6qBUI8q1\\foto_with_circles_1753579287.jpg""]"
PR-EN-100-dr-base,PR-EN-100-dr,en,problem_generating,draft_critique_revise,none,advanced,"A bicycle wheel with a radius of 0.3 meters is rotating, as shown in the image. During Experiment 1, the centripetal acceleration of the wheel increases steadily from 1 m/s² to 2 m/s² between 10 and 15 seconds, as depicted in the graph. Calculate the change in angular velocity of the wheel during this time interval.","[""A car is moving around a circular track with a radius of 50 meters. If the car completes one full lap in 40 seconds, calculate the centripetal acceleration of the car. Assume the speed is constant throughout the motion."", ""A satellite orbits Earth in a circular path with a radius of 7,000 kilometers. If the satellite completes one orbit in 90 minutes, determine the centripetal acceleration experienced by the satellite. Assume the orbit is perfectly circular."", ""A roller coaster car travels through a vertical loop with a radius of 20 meters. At the top of the loop, the speed of the car is 10 m/s. Calculate the centripetal acceleration at this point and discuss how it compares to the gravitational acceleration.""]",Difficulty: advanced. Use the provided graph (graph_03059250.png) and real-world image (foto_with_circles_1753579287.jpg) to construct one centripetal acceleration problem question.,"[""E:\\G-Physolve\\G-Uphysic\\fastapi-gpt\\advance_graph\\graph_03059250.png"", ""E:\\G-Physolve\\G-Uphysic\\fastapi-gpt\\image_result\\g6xxWMxAdjgSPrLfNjkh6qBUI8q1\\foto_with_circles_1753579287.jpg""]"
PR-EN-100-dr-kg,PR-EN-100-dr,en,problem_generating,draft_critique_revise,kg,advanced,"A bicycle wheel of radius 0.3 meters is spinning with a constant angular velocity. Using the graph provided, determine the centripetal acceleration of a point on the edge of the wheel at 10 seconds during Experiment 1. Assume the wheel's angular velocity corresponds to the phase where the centripetal acceleration is increasing. How does this compare to the centripetal acceleration at 20 seconds, when the acceleration is steady? Use the graph to justify your answer.","[""A car is moving around a circular track with a radius of 50 meters. If the car completes one full lap in 40 seconds, calculate the centripetal acceleration of the car. Assume the speed is constant throughout the motion."", ""A satellite orbits Earth in a circular path with a radius of 7,000 kilometers. If the satellite completes one orbit in 90 minutes, determine the centripetal acceleration experienced by the satellite. Assume the orbit is perfectly circular."", ""A roller coaster car travels through a vertical loop with a radius of 20 meters. At the top of the loop, the speed of the car is 10 m/s. Calculate the centripetal acceleration at this point and discuss how it compares to the gravitational acceleration.""]",Difficulty: advanced. Use the provided graph (graph_03059250.png) and real-world image (foto_with_circles_1753579287.jpg) to construct one centripetal acceleration problem question.,"[""E:\\G-Physolve\\G-Uphysic\\fastapi-gpt\\advance_graph\\graph_03059250.png"", ""E:\\G-Physolve\\G-Uphysic\\fastapi-gpt\\image_result\\g6xxWMxAdjgSPrLfNjkh6qBUI8q1\\foto_with_circles_1753579287.jpg""]"
